order_date,product_id,order_qty,year,month,day_of_week,is_weekend
2017-01-01,P01,214,2017,1,6,1
2017-01-01,P02,577,2017,1,6,1
2017-01-01,P03,359,2017,1,6,1
2017-01-01,P04,204,2017,1,6,1
2017-01-01,P05,164,2017,1,6,1
2017-01-02,P01,219,2017,1,0,0
2017-01-02,P02,581,2017,1,0,0
2017-01-02,P03,356,2017,1,0,0
2017-01-02,P04,218,2017,1,0,0
2017-01-02,P05,170,2017,1,0,0
2017-01-03,P01,220,2017,1,1,0
2017-01-03,P02,575,2017,1,1,0
2017-01-03,P03,348,2017,1,1,0
2017-01-03,P04,225,2017,1,1,0
2017-01-03,P05,174,2017,1,1,0
2017-01-04,P01,218,2017,1,2,0
2017-01-04,P02,582,2017,1,2,0
2017-01-04,P03,366,2017,1,2,0
2017-01-04,P04,209,2017,1,2,0
2017-01-04,P05,179,2017,1,2,0
2017-01-05,P01,223,2017,1,3,0
2017-01-05,P02,573,2017,1,3,0
2017-01-05,P03,363,2017,1,3,0
2017-01-05,P04,221,2017,1,3,0
2017-01-05,P05,188,2017,1,3,0
2017-01-06,P01,209,2017,1,4,0
2017-01-06,P02,586,2017,1,4,0
2017-01-06,P03,357,2017,1,4,0
2017-01-06,P04,221,2017,1,4,0
2017-01-06,P05,179,2017,1,4,0
2017-01-07,P01,214,2017,1,5,1
2017-01-07,P02,581,2017,1,5,1
2017-01-07,P03,357,2017,1,5,1
2017-01-07,P04,228,2017,1,5,1
2017-01-07,P05,182,2017,1,5,1
2017-01-08,P01,213,2017,1,6,1
2017-01-08,P02,587,2017,1,6,1
2017-01-08,P03,364,2017,1,6,1
2017-01-08,P04,233,2017,1,6,1
2017-01-08,P05,183,2017,1,6,1
2017-01-09,P01,226,2017,1,0,0
2017-01-09,P02,580,2017,1,0,0
2017-01-09,P03,349,2017,1,0,0
2017-01-09,P04,227,2017,1,0,0
2017-01-09,P05,178,2017,1,0,0
2017-01-10,P01,221,2017,1,1,0
2017-01-10,P02,578,2017,1,1,0
2017-01-10,P03,350,2017,1,1,0
2017-01-10,P04,230,2017,1,1,0
2017-01-10,P05,182,2017,1,1,0
2017-01-11,P01,221,2017,1,2,0
2017-01-11,P02,577,2017,1,2,0
2017-01-11,P03,353,2017,1,2,0
2017-01-11,P04,225,2017,1,2,0
2017-01-11,P05,168,2017,1,2,0
2017-01-12,P01,217,2017,1,3,0
2017-01-12,P02,581,2017,1,3,0
2017-01-12,P03,365,2017,1,3,0
2017-01-12,P04,223,2017,1,3,0
2017-01-12,P05,191,2017,1,3,0
2017-01-13,P01,221,2017,1,4,0
2017-01-13,P02,582,2017,1,4,0
2017-01-13,P03,368,2017,1,4,0
2017-01-13,P04,217,2017,1,4,0
2017-01-13,P05,195,2017,1,4,0
2017-01-14,P01,231,2017,1,5,1
2017-01-14,P02,578,2017,1,5,1
2017-01-14,P03,362,2017,1,5,1
2017-01-14,P04,222,2017,1,5,1
2017-01-14,P05,190,2017,1,5,1
2017-01-15,P01,224,2017,1,6,1
2017-01-15,P02,579,2017,1,6,1
2017-01-15,P03,363,2017,1,6,1
2017-01-15,P04,217,2017,1,6,1
2017-01-15,P05,187,2017,1,6,1
2017-01-16,P01,230,2017,1,0,0
2017-01-16,P02,582,2017,1,0,0
2017-01-16,P03,378,2017,1,0,0
2017-01-16,P04,225,2017,1,0,0
2017-01-16,P05,190,2017,1,0,0
2017-01-17,P01,227,2017,1,1,0
2017-01-17,P02,595,2017,1,1,0
2017-01-17,P03,374,2017,1,1,0
2017-01-17,P04,227,2017,1,1,0
2017-01-17,P05,187,2017,1,1,0
2017-01-18,P01,238,2017,1,2,0
2017-01-18,P02,581,2017,1,2,0
2017-01-18,P03,369,2017,1,2,0
2017-01-18,P04,240,2017,1,2,0
2017-01-18,P05,201,2017,1,2,0
2017-01-19,P01,222,2017,1,3,0
2017-01-19,P02,585,2017,1,3,0
2017-01-19,P03,369,2017,1,3,0
2017-01-19,P04,231,2017,1,3,0
2017-01-19,P05,199,2017,1,3,0
2017-01-20,P01,229,2017,1,4,0
2017-01-20,P02,593,2017,1,4,0
2017-01-20,P03,368,2017,1,4,0
2017-01-20,P04,227,2017,1,4,0
2017-01-20,P05,187,2017,1,4,0
2017-01-21,P01,246,2017,1,5,1
2017-01-21,P02,586,2017,1,5,1
2017-01-21,P03,371,2017,1,5,1
2017-01-21,P04,238,2017,1,5,1
2017-01-21,P05,199,2017,1,5,1
2017-01-22,P01,227,2017,1,6,1
2017-01-22,P02,581,2017,1,6,1
2017-01-22,P03,372,2017,1,6,1
2017-01-22,P04,232,2017,1,6,1
2017-01-22,P05,195,2017,1,6,1
2017-01-23,P01,233,2017,1,0,0
2017-01-23,P02,597,2017,1,0,0
2017-01-23,P03,372,2017,1,0,0
2017-01-23,P04,233,2017,1,0,0
2017-01-23,P05,201,2017,1,0,0
2017-01-24,P01,235,2017,1,1,0
2017-01-24,P02,589,2017,1,1,0
2017-01-24,P03,374,2017,1,1,0
2017-01-24,P04,225,2017,1,1,0
2017-01-24,P05,189,2017,1,1,0
2017-01-25,P01,228,2017,1,2,0
2017-01-25,P02,588,2017,1,2,0
2017-01-25,P03,367,2017,1,2,0
2017-01-25,P04,236,2017,1,2,0
2017-01-25,P05,201,2017,1,2,0
2017-01-26,P01,229,2017,1,3,0
2017-01-26,P02,606,2017,1,3,0
2017-01-26,P03,368,2017,1,3,0
2017-01-26,P04,231,2017,1,3,0
2017-01-26,P05,196,2017,1,3,0
2017-01-27,P01,222,2017,1,4,0
2017-01-27,P02,588,2017,1,4,0
2017-01-27,P03,376,2017,1,4,0
2017-01-27,P04,234,2017,1,4,0
2017-01-27,P05,197,2017,1,4,0
2017-01-28,P01,228,2017,1,5,1
2017-01-28,P02,590,2017,1,5,1
2017-01-28,P03,381,2017,1,5,1
2017-01-28,P04,225,2017,1,5,1
2017-01-28,P05,199,2017,1,5,1
2017-01-29,P01,232,2017,1,6,1
2017-01-29,P02,604,2017,1,6,1
2017-01-29,P03,385,2017,1,6,1
2017-01-29,P04,240,2017,1,6,1
2017-01-29,P05,193,2017,1,6,1
2017-01-30,P01,242,2017,1,0,0
2017-01-30,P02,606,2017,1,0,0
2017-01-30,P03,377,2017,1,0,0
2017-01-30,P04,237,2017,1,0,0
2017-01-30,P05,203,2017,1,0,0
2017-01-31,P01,235,2017,1,1,0
2017-01-31,P02,603,2017,1,1,0
2017-01-31,P03,381,2017,1,1,0
2017-01-31,P04,226,2017,1,1,0
2017-01-31,P05,192,2017,1,1,0
2017-02-01,P01,235,2017,2,2,0
2017-02-01,P02,588,2017,2,2,0
2017-02-01,P03,375,2017,2,2,0
2017-02-01,P04,232,2017,2,2,0
2017-02-01,P05,190,2017,2,2,0
2017-02-02,P01,245,2017,2,3,0
2017-02-02,P02,592,2017,2,3,0
2017-02-02,P03,382,2017,2,3,0
2017-02-02,P04,243,2017,2,3,0
2017-02-02,P05,203,2017,2,3,0
2017-02-03,P01,248,2017,2,4,0
2017-02-03,P02,594,2017,2,4,0
2017-02-03,P03,375,2017,2,4,0
2017-02-03,P04,234,2017,2,4,0
2017-02-03,P05,203,2017,2,4,0
2017-02-04,P01,240,2017,2,5,1
2017-02-04,P02,598,2017,2,5,1
2017-02-04,P03,381,2017,2,5,1
2017-02-04,P04,249,2017,2,5,1
2017-02-04,P05,202,2017,2,5,1
2017-02-05,P01,223,2017,2,6,1
2017-02-05,P02,606,2017,2,6,1
2017-02-05,P03,372,2017,2,6,1
2017-02-05,P04,239,2017,2,6,1
2017-02-05,P05,202,2017,2,6,1
2017-02-06,P01,239,2017,2,0,0
2017-02-06,P02,590,2017,2,0,0
2017-02-06,P03,381,2017,2,0,0
2017-02-06,P04,236,2017,2,0,0
2017-02-06,P05,194,2017,2,0,0
2017-02-07,P01,238,2017,2,1,0
2017-02-07,P02,609,2017,2,1,0
2017-02-07,P03,380,2017,2,1,0
2017-02-07,P04,234,2017,2,1,0
2017-02-07,P05,204,2017,2,1,0
2017-02-08,P01,233,2017,2,2,0
2017-02-08,P02,595,2017,2,2,0
2017-02-08,P03,378,2017,2,2,0
2017-02-08,P04,245,2017,2,2,0
2017-02-08,P05,209,2017,2,2,0
2017-02-09,P01,242,2017,2,3,0
2017-02-09,P02,596,2017,2,3,0
2017-02-09,P03,388,2017,2,3,0
2017-02-09,P04,242,2017,2,3,0
2017-02-09,P05,206,2017,2,3,0
2017-02-10,P01,246,2017,2,4,0
2017-02-10,P02,602,2017,2,4,0
2017-02-10,P03,377,2017,2,4,0
2017-02-10,P04,237,2017,2,4,0
2017-02-10,P05,188,2017,2,4,0
2017-02-11,P01,243,2017,2,5,1
2017-02-11,P02,598,2017,2,5,1
2017-02-11,P03,381,2017,2,5,1
2017-02-11,P04,235,2017,2,5,1
2017-02-11,P05,205,2017,2,5,1
2017-02-12,P01,252,2017,2,6,1
2017-02-12,P02,593,2017,2,6,1
2017-02-12,P03,384,2017,2,6,1
2017-02-12,P04,237,2017,2,6,1
2017-02-12,P05,196,2017,2,6,1
2017-02-13,P01,240,2017,2,0,0
2017-02-13,P02,599,2017,2,0,0
2017-02-13,P03,384,2017,2,0,0
2017-02-13,P04,251,2017,2,0,0
2017-02-13,P05,201,2017,2,0,0
2017-02-14,P01,250,2017,2,1,0
2017-02-14,P02,608,2017,2,1,0
2017-02-14,P03,382,2017,2,1,0
2017-02-14,P04,236,2017,2,1,0
2017-02-14,P05,204,2017,2,1,0
2017-02-15,P01,247,2017,2,2,0
2017-02-15,P02,608,2017,2,2,0
2017-02-15,P03,385,2017,2,2,0
2017-02-15,P04,232,2017,2,2,0
2017-02-15,P05,198,2017,2,2,0
2017-02-16,P01,260,2017,2,3,0
2017-02-16,P02,607,2017,2,3,0
2017-02-16,P03,378,2017,2,3,0
2017-02-16,P04,249,2017,2,3,0
2017-02-16,P05,205,2017,2,3,0
2017-02-17,P01,242,2017,2,4,0
2017-02-17,P02,595,2017,2,4,0
2017-02-17,P03,371,2017,2,4,0
2017-02-17,P04,239,2017,2,4,0
2017-02-17,P05,215,2017,2,4,0
2017-02-18,P01,257,2017,2,5,1
2017-02-18,P02,612,2017,2,5,1
2017-02-18,P03,380,2017,2,5,1
2017-02-18,P04,246,2017,2,5,1
2017-02-18,P05,196,2017,2,5,1
2017-02-19,P01,255,2017,2,6,1
2017-02-19,P02,607,2017,2,6,1
2017-02-19,P03,390,2017,2,6,1
2017-02-19,P04,242,2017,2,6,1
2017-02-19,P05,203,2017,2,6,1
2017-02-20,P01,249,2017,2,0,0
2017-02-20,P02,618,2017,2,0,0
2017-02-20,P03,387,2017,2,0,0
2017-02-20,P04,242,2017,2,0,0
2017-02-20,P05,206,2017,2,0,0
2017-02-21,P01,236,2017,2,1,0
2017-02-21,P02,592,2017,2,1,0
2017-02-21,P03,392,2017,2,1,0
2017-02-21,P04,253,2017,2,1,0
2017-02-21,P05,215,2017,2,1,0
2017-02-22,P01,249,2017,2,2,0
2017-02-22,P02,606,2017,2,2,0
2017-02-22,P03,380,2017,2,2,0
2017-02-22,P04,246,2017,2,2,0
2017-02-22,P05,214,2017,2,2,0
2017-02-23,P01,239,2017,2,3,0
2017-02-23,P02,612,2017,2,3,0
2017-02-23,P03,380,2017,2,3,0
2017-02-23,P04,252,2017,2,3,0
2017-02-23,P05,211,2017,2,3,0
2017-02-24,P01,252,2017,2,4,0
2017-02-24,P02,620,2017,2,4,0
2017-02-24,P03,395,2017,2,4,0
2017-02-24,P04,251,2017,2,4,0
2017-02-24,P05,215,2017,2,4,0
2017-02-25,P01,252,2017,2,5,1
2017-02-25,P02,604,2017,2,5,1
2017-02-25,P03,377,2017,2,5,1
2017-02-25,P04,236,2017,2,5,1
2017-02-25,P05,209,2017,2,5,1
2017-02-26,P01,242,2017,2,6,1
2017-02-26,P02,617,2017,2,6,1
2017-02-26,P03,400,2017,2,6,1
2017-02-26,P04,248,2017,2,6,1
2017-02-26,P05,205,2017,2,6,1
2017-02-27,P01,245,2017,2,0,0
2017-02-27,P02,595,2017,2,0,0
2017-02-27,P03,384,2017,2,0,0
2017-02-27,P04,252,2017,2,0,0
2017-02-27,P05,210,2017,2,0,0
2017-02-28,P01,257,2017,2,1,0
2017-02-28,P02,607,2017,2,1,0
2017-02-28,P03,378,2017,2,1,0
2017-02-28,P04,253,2017,2,1,0
2017-02-28,P05,213,2017,2,1,0
2017-03-01,P01,249,2017,3,2,0
2017-03-01,P02,618,2017,3,2,0
2017-03-01,P03,381,2017,3,2,0
2017-03-01,P04,254,2017,3,2,0
2017-03-01,P05,210,2017,3,2,0
2017-03-02,P01,239,2017,3,3,0
2017-03-02,P02,608,2017,3,3,0
2017-03-02,P03,376,2017,3,3,0
2017-03-02,P04,250,2017,3,3,0
2017-03-02,P05,209,2017,3,3,0
2017-03-03,P01,250,2017,3,4,0
2017-03-03,P02,620,2017,3,4,0
2017-03-03,P03,389,2017,3,4,0
2017-03-03,P04,243,2017,3,4,0
2017-03-03,P05,208,2017,3,4,0
2017-03-04,P01,254,2017,3,5,1
2017-03-04,P02,600,2017,3,5,1
2017-03-04,P03,390,2017,3,5,1
2017-03-04,P04,255,2017,3,5,1
2017-03-04,P05,207,2017,3,5,1
2017-03-05,P01,242,2017,3,6,1
2017-03-05,P02,606,2017,3,6,1
2017-03-05,P03,380,2017,3,6,1
2017-03-05,P04,254,2017,3,6,1
2017-03-05,P05,206,2017,3,6,1
2017-03-06,P01,252,2017,3,0,0
2017-03-06,P02,610,2017,3,0,0
2017-03-06,P03,393,2017,3,0,0
2017-03-06,P04,267,2017,3,0,0
2017-03-06,P05,210,2017,3,0,0
2017-03-07,P01,260,2017,3,1,0
2017-03-07,P02,604,2017,3,1,0
2017-03-07,P03,386,2017,3,1,0
2017-03-07,P04,260,2017,3,1,0
2017-03-07,P05,212,2017,3,1,0
2017-03-08,P01,258,2017,3,2,0
2017-03-08,P02,602,2017,3,2,0
2017-03-08,P03,394,2017,3,2,0
2017-03-08,P04,258,2017,3,2,0
2017-03-08,P05,225,2017,3,2,0
2017-03-09,P01,247,2017,3,3,0
2017-03-09,P02,606,2017,3,3,0
2017-03-09,P03,390,2017,3,3,0
2017-03-09,P04,263,2017,3,3,0
2017-03-09,P05,207,2017,3,3,0
2017-03-10,P01,248,2017,3,4,0
2017-03-10,P02,618,2017,3,4,0
2017-03-10,P03,398,2017,3,4,0
2017-03-10,P04,249,2017,3,4,0
2017-03-10,P05,219,2017,3,4,0
2017-03-11,P01,256,2017,3,5,1
2017-03-11,P02,615,2017,3,5,1
2017-03-11,P03,389,2017,3,5,1
2017-03-11,P04,248,2017,3,5,1
2017-03-11,P05,201,2017,3,5,1
2017-03-12,P01,262,2017,3,6,1
2017-03-12,P02,614,2017,3,6,1
2017-03-12,P03,401,2017,3,6,1
2017-03-12,P04,246,2017,3,6,1
2017-03-12,P05,209,2017,3,6,1
2017-03-13,P01,259,2017,3,0,0
2017-03-13,P02,612,2017,3,0,0
2017-03-13,P03,399,2017,3,0,0
2017-03-13,P04,258,2017,3,0,0
2017-03-13,P05,207,2017,3,0,0
2017-03-14,P01,245,2017,3,1,0
2017-03-14,P02,607,2017,3,1,0
2017-03-14,P03,394,2017,3,1,0
2017-03-14,P04,253,2017,3,1,0
2017-03-14,P05,218,2017,3,1,0
2017-03-15,P01,250,2017,3,2,0
2017-03-15,P02,620,2017,3,2,0
2017-03-15,P03,394,2017,3,2,0
2017-03-15,P04,266,2017,3,2,0
2017-03-15,P05,224,2017,3,2,0
2017-03-16,P01,255,2017,3,3,0
2017-03-16,P02,617,2017,3,3,0
2017-03-16,P03,395,2017,3,3,0
2017-03-16,P04,246,2017,3,3,0
2017-03-16,P05,202,2017,3,3,0
2017-03-17,P01,250,2017,3,4,0
2017-03-17,P02,607,2017,3,4,0
2017-03-17,P03,395,2017,3,4,0
2017-03-17,P04,246,2017,3,4,0
2017-03-17,P05,208,2017,3,4,0
2017-03-18,P01,248,2017,3,5,1
2017-03-18,P02,611,2017,3,5,1
2017-03-18,P03,388,2017,3,5,1
2017-03-18,P04,252,2017,3,5,1
2017-03-18,P05,207,2017,3,5,1
2017-03-19,P01,254,2017,3,6,1
2017-03-19,P02,614,2017,3,6,1
2017-03-19,P03,396,2017,3,6,1
2017-03-19,P04,240,2017,3,6,1
2017-03-19,P05,214,2017,3,6,1
2017-03-20,P01,257,2017,3,0,0
2017-03-20,P02,627,2017,3,0,0
2017-03-20,P03,397,2017,3,0,0
2017-03-20,P04,245,2017,3,0,0
2017-03-20,P05,209,2017,3,0,0
2017-03-21,P01,247,2017,3,1,0
2017-03-21,P02,614,2017,3,1,0
2017-03-21,P03,399,2017,3,1,0
2017-03-21,P04,272,2017,3,1,0
2017-03-21,P05,208,2017,3,1,0
2017-03-22,P01,260,2017,3,2,0
2017-03-22,P02,602,2017,3,2,0
2017-03-22,P03,387,2017,3,2,0
2017-03-22,P04,252,2017,3,2,0
2017-03-22,P05,212,2017,3,2,0
2017-03-23,P01,252,2017,3,3,0
2017-03-23,P02,621,2017,3,3,0
2017-03-23,P03,389,2017,3,3,0
2017-03-23,P04,253,2017,3,3,0
2017-03-23,P05,216,2017,3,3,0
2017-03-24,P01,245,2017,3,4,0
2017-03-24,P02,612,2017,3,4,0
2017-03-24,P03,408,2017,3,4,0
2017-03-24,P04,254,2017,3,4,0
2017-03-24,P05,216,2017,3,4,0
2017-03-25,P01,252,2017,3,5,1
2017-03-25,P02,624,2017,3,5,1
2017-03-25,P03,390,2017,3,5,1
2017-03-25,P04,239,2017,3,5,1
2017-03-25,P05,210,2017,3,5,1
2017-03-26,P01,239,2017,3,6,1
2017-03-26,P02,627,2017,3,6,1
2017-03-26,P03,390,2017,3,6,1
2017-03-26,P04,257,2017,3,6,1
2017-03-26,P05,203,2017,3,6,1
2017-03-27,P01,264,2017,3,0,0
2017-03-27,P02,604,2017,3,0,0
2017-03-27,P03,392,2017,3,0,0
2017-03-27,P04,249,2017,3,0,0
2017-03-27,P05,212,2017,3,0,0
2017-03-28,P01,258,2017,3,1,0
2017-03-28,P02,597,2017,3,1,0
2017-03-28,P03,404,2017,3,1,0
2017-03-28,P04,255,2017,3,1,0
2017-03-28,P05,206,2017,3,1,0
2017-03-29,P01,254,2017,3,2,0
2017-03-29,P02,606,2017,3,2,0
2017-03-29,P03,392,2017,3,2,0
2017-03-29,P04,257,2017,3,2,0
2017-03-29,P05,219,2017,3,2,0
2017-03-30,P01,251,2017,3,3,0
2017-03-30,P02,612,2017,3,3,0
2017-03-30,P03,390,2017,3,3,0
2017-03-30,P04,254,2017,3,3,0
2017-03-30,P05,208,2017,3,3,0
2017-03-31,P01,255,2017,3,4,0
2017-03-31,P02,617,2017,3,4,0
2017-03-31,P03,399,2017,3,4,0
2017-03-31,P04,252,2017,3,4,0
2017-03-31,P05,221,2017,3,4,0
2017-04-01,P01,250,2017,4,5,1
2017-04-01,P02,621,2017,4,5,1
2017-04-01,P03,390,2017,4,5,1
2017-04-01,P04,257,2017,4,5,1
2017-04-01,P05,216,2017,4,5,1
2017-04-02,P01,253,2017,4,6,1
2017-04-02,P02,617,2017,4,6,1
2017-04-02,P03,403,2017,4,6,1
2017-04-02,P04,249,2017,4,6,1
2017-04-02,P05,217,2017,4,6,1
2017-04-03,P01,252,2017,4,0,0
2017-04-03,P02,614,2017,4,0,0
2017-04-03,P03,390,2017,4,0,0
2017-04-03,P04,257,2017,4,0,0
2017-04-03,P05,206,2017,4,0,0
2017-04-04,P01,261,2017,4,1,0
2017-04-04,P02,611,2017,4,1,0
2017-04-04,P03,404,2017,4,1,0
2017-04-04,P04,252,2017,4,1,0
2017-04-04,P05,215,2017,4,1,0
2017-04-05,P01,247,2017,4,2,0
2017-04-05,P02,622,2017,4,2,0
2017-04-05,P03,394,2017,4,2,0
2017-04-05,P04,260,2017,4,2,0
2017-04-05,P05,223,2017,4,2,0
2017-04-06,P01,255,2017,4,3,0
2017-04-06,P02,610,2017,4,3,0
2017-04-06,P03,393,2017,4,3,0
2017-04-06,P04,244,2017,4,3,0
2017-04-06,P05,209,2017,4,3,0
2017-04-07,P01,255,2017,4,4,0
2017-04-07,P02,605,2017,4,4,0
2017-04-07,P03,394,2017,4,4,0
2017-04-07,P04,259,2017,4,4,0
2017-04-07,P05,209,2017,4,4,0
2017-04-08,P01,253,2017,4,5,1
2017-04-08,P02,616,2017,4,5,1
2017-04-08,P03,392,2017,4,5,1
2017-04-08,P04,255,2017,4,5,1
2017-04-08,P05,217,2017,4,5,1
2017-04-09,P01,265,2017,4,6,1
2017-04-09,P02,609,2017,4,6,1
2017-04-09,P03,397,2017,4,6,1
2017-04-09,P04,260,2017,4,6,1
2017-04-09,P05,216,2017,4,6,1
2017-04-10,P01,249,2017,4,0,0
2017-04-10,P02,619,2017,4,0,0
2017-04-10,P03,406,2017,4,0,0
2017-04-10,P04,255,2017,4,0,0
2017-04-10,P05,213,2017,4,0,0
2017-04-11,P01,256,2017,4,1,0
2017-04-11,P02,609,2017,4,1,0
2017-04-11,P03,394,2017,4,1,0
2017-04-11,P04,258,2017,4,1,0
2017-04-11,P05,224,2017,4,1,0
2017-04-12,P01,249,2017,4,2,0
2017-04-12,P02,619,2017,4,2,0
2017-04-12,P03,398,2017,4,2,0
2017-04-12,P04,248,2017,4,2,0
2017-04-12,P05,217,2017,4,2,0
2017-04-13,P01,252,2017,4,3,0
2017-04-13,P02,622,2017,4,3,0
2017-04-13,P03,396,2017,4,3,0
2017-04-13,P04,247,2017,4,3,0
2017-04-13,P05,216,2017,4,3,0
2017-04-14,P01,259,2017,4,4,0
2017-04-14,P02,603,2017,4,4,0
2017-04-14,P03,397,2017,4,4,0
2017-04-14,P04,244,2017,4,4,0
2017-04-14,P05,214,2017,4,4,0
2017-04-15,P01,265,2017,4,5,1
2017-04-15,P02,608,2017,4,5,1
2017-04-15,P03,390,2017,4,5,1
2017-04-15,P04,256,2017,4,5,1
2017-04-15,P05,229,2017,4,5,1
2017-04-16,P01,257,2017,4,6,1
2017-04-16,P02,616,2017,4,6,1
2017-04-16,P03,388,2017,4,6,1
2017-04-16,P04,246,2017,4,6,1
2017-04-16,P05,229,2017,4,6,1
2017-04-17,P01,254,2017,4,0,0
2017-04-17,P02,607,2017,4,0,0
2017-04-17,P03,387,2017,4,0,0
2017-04-17,P04,251,2017,4,0,0
2017-04-17,P05,207,2017,4,0,0
2017-04-18,P01,251,2017,4,1,0
2017-04-18,P02,619,2017,4,1,0
2017-04-18,P03,383,2017,4,1,0
2017-04-18,P04,249,2017,4,1,0
2017-04-18,P05,210,2017,4,1,0
2017-04-19,P01,248,2017,4,2,0
2017-04-19,P02,602,2017,4,2,0
2017-04-19,P03,398,2017,4,2,0
2017-04-19,P04,251,2017,4,2,0
2017-04-19,P05,208,2017,4,2,0
2017-04-20,P01,262,2017,4,3,0
2017-04-20,P02,618,2017,4,3,0
2017-04-20,P03,397,2017,4,3,0
2017-04-20,P04,242,2017,4,3,0
2017-04-20,P05,211,2017,4,3,0
2017-04-21,P01,259,2017,4,4,0
2017-04-21,P02,619,2017,4,4,0
2017-04-21,P03,399,2017,4,4,0
2017-04-21,P04,244,2017,4,4,0
2017-04-21,P05,213,2017,4,4,0
2017-04-22,P01,240,2017,4,5,1
2017-04-22,P02,613,2017,4,5,1
2017-04-22,P03,392,2017,4,5,1
2017-04-22,P04,257,2017,4,5,1
2017-04-22,P05,217,2017,4,5,1
2017-04-23,P01,248,2017,4,6,1
2017-04-23,P02,614,2017,4,6,1
2017-04-23,P03,388,2017,4,6,1
2017-04-23,P04,262,2017,4,6,1
2017-04-23,P05,219,2017,4,6,1
2017-04-24,P01,247,2017,4,0,0
2017-04-24,P02,612,2017,4,0,0
2017-04-24,P03,391,2017,4,0,0
2017-04-24,P04,252,2017,4,0,0
2017-04-24,P05,210,2017,4,0,0
2017-04-25,P01,244,2017,4,1,0
2017-04-25,P02,609,2017,4,1,0
2017-04-25,P03,398,2017,4,1,0
2017-04-25,P04,245,2017,4,1,0
2017-04-25,P05,203,2017,4,1,0
2017-04-26,P01,246,2017,4,2,0
2017-04-26,P02,612,2017,4,2,0
2017-04-26,P03,397,2017,4,2,0
2017-04-26,P04,244,2017,4,2,0
2017-04-26,P05,211,2017,4,2,0
2017-04-27,P01,250,2017,4,3,0
2017-04-27,P02,608,2017,4,3,0
2017-04-27,P03,383,2017,4,3,0
2017-04-27,P04,253,2017,4,3,0
2017-04-27,P05,209,2017,4,3,0
2017-04-28,P01,246,2017,4,4,0
2017-04-28,P02,606,2017,4,4,0
2017-04-28,P03,388,2017,4,4,0
2017-04-28,P04,228,2017,4,4,0
2017-04-28,P05,207,2017,4,4,0
2017-04-29,P01,247,2017,4,5,1
2017-04-29,P02,610,2017,4,5,1
2017-04-29,P03,383,2017,4,5,1
2017-04-29,P04,251,2017,4,5,1
2017-04-29,P05,208,2017,4,5,1
2017-04-30,P01,249,2017,4,6,1
2017-04-30,P02,623,2017,4,6,1
2017-04-30,P03,394,2017,4,6,1
2017-04-30,P04,249,2017,4,6,1
2017-04-30,P05,221,2017,4,6,1
2017-05-01,P01,246,2017,5,0,0
2017-05-01,P02,619,2017,5,0,0
2017-05-01,P03,392,2017,5,0,0
2017-05-01,P04,244,2017,5,0,0
2017-05-01,P05,206,2017,5,0,0
2017-05-02,P01,258,2017,5,1,0
2017-05-02,P02,603,2017,5,1,0
2017-05-02,P03,389,2017,5,1,0
2017-05-02,P04,260,2017,5,1,0
2017-05-02,P05,216,2017,5,1,0
2017-05-03,P01,246,2017,5,2,0
2017-05-03,P02,617,2017,5,2,0
2017-05-03,P03,388,2017,5,2,0
2017-05-03,P04,247,2017,5,2,0
2017-05-03,P05,206,2017,5,2,0
2017-05-04,P01,253,2017,5,3,0
2017-05-04,P02,607,2017,5,3,0
2017-05-04,P03,375,2017,5,3,0
2017-05-04,P04,250,2017,5,3,0
2017-05-04,P05,210,2017,5,3,0
2017-05-05,P01,254,2017,5,4,0
2017-05-05,P02,601,2017,5,4,0
2017-05-05,P03,394,2017,5,4,0
2017-05-05,P04,247,2017,5,4,0
2017-05-05,P05,209,2017,5,4,0
2017-05-06,P01,245,2017,5,5,1
2017-05-06,P02,615,2017,5,5,1
2017-05-06,P03,394,2017,5,5,1
2017-05-06,P04,250,2017,5,5,1
2017-05-06,P05,201,2017,5,5,1
2017-05-07,P01,250,2017,5,6,1
2017-05-07,P02,607,2017,5,6,1
2017-05-07,P03,388,2017,5,6,1
2017-05-07,P04,255,2017,5,6,1
2017-05-07,P05,205,2017,5,6,1
2017-05-08,P01,263,2017,5,0,0
2017-05-08,P02,609,2017,5,0,0
2017-05-08,P03,370,2017,5,0,0
2017-05-08,P04,249,2017,5,0,0
2017-05-08,P05,201,2017,5,0,0
2017-05-09,P01,240,2017,5,1,0
2017-05-09,P02,588,2017,5,1,0
2017-05-09,P03,385,2017,5,1,0
2017-05-09,P04,247,2017,5,1,0
2017-05-09,P05,210,2017,5,1,0
2017-05-10,P01,254,2017,5,2,0
2017-05-10,P02,600,2017,5,2,0
2017-05-10,P03,384,2017,5,2,0
2017-05-10,P04,242,2017,5,2,0
2017-05-10,P05,198,2017,5,2,0
2017-05-11,P01,252,2017,5,3,0
2017-05-11,P02,600,2017,5,3,0
2017-05-11,P03,386,2017,5,3,0
2017-05-11,P04,238,2017,5,3,0
2017-05-11,P05,211,2017,5,3,0
2017-05-12,P01,248,2017,5,4,0
2017-05-12,P02,609,2017,5,4,0
2017-05-12,P03,390,2017,5,4,0
2017-05-12,P04,238,2017,5,4,0
2017-05-12,P05,211,2017,5,4,0
2017-05-13,P01,229,2017,5,5,1
2017-05-13,P02,615,2017,5,5,1
2017-05-13,P03,386,2017,5,5,1
2017-05-13,P04,243,2017,5,5,1
2017-05-13,P05,202,2017,5,5,1
2017-05-14,P01,249,2017,5,6,1
2017-05-14,P02,596,2017,5,6,1
2017-05-14,P03,389,2017,5,6,1
2017-05-14,P04,233,2017,5,6,1
2017-05-14,P05,202,2017,5,6,1
2017-05-15,P01,251,2017,5,0,0
2017-05-15,P02,608,2017,5,0,0
2017-05-15,P03,380,2017,5,0,0
2017-05-15,P04,240,2017,5,0,0
2017-05-15,P05,199,2017,5,0,0
2017-05-16,P01,249,2017,5,1,0
2017-05-16,P02,611,2017,5,1,0
2017-05-16,P03,384,2017,5,1,0
2017-05-16,P04,250,2017,5,1,0
2017-05-16,P05,197,2017,5,1,0
2017-05-17,P01,242,2017,5,2,0
2017-05-17,P02,593,2017,5,2,0
2017-05-17,P03,373,2017,5,2,0
2017-05-17,P04,245,2017,5,2,0
2017-05-17,P05,198,2017,5,2,0
2017-05-18,P01,243,2017,5,3,0
2017-05-18,P02,612,2017,5,3,0
2017-05-18,P03,379,2017,5,3,0
2017-05-18,P04,235,2017,5,3,0
2017-05-18,P05,192,2017,5,3,0
2017-05-19,P01,237,2017,5,4,0
2017-05-19,P02,602,2017,5,4,0
2017-05-19,P03,389,2017,5,4,0
2017-05-19,P04,244,2017,5,4,0
2017-05-19,P05,192,2017,5,4,0
2017-05-20,P01,234,2017,5,5,1
2017-05-20,P02,608,2017,5,5,1
2017-05-20,P03,393,2017,5,5,1
2017-05-20,P04,251,2017,5,5,1
2017-05-20,P05,198,2017,5,5,1
2017-05-21,P01,252,2017,5,6,1
2017-05-21,P02,593,2017,5,6,1
2017-05-21,P03,382,2017,5,6,1
2017-05-21,P04,235,2017,5,6,1
2017-05-21,P05,210,2017,5,6,1
2017-05-22,P01,238,2017,5,0,0
2017-05-22,P02,612,2017,5,0,0
2017-05-22,P03,374,2017,5,0,0
2017-05-22,P04,250,2017,5,0,0
2017-05-22,P05,199,2017,5,0,0
2017-05-23,P01,227,2017,5,1,0
2017-05-23,P02,599,2017,5,1,0
2017-05-23,P03,377,2017,5,1,0
2017-05-23,P04,229,2017,5,1,0
2017-05-23,P05,213,2017,5,1,0
2017-05-24,P01,241,2017,5,2,0
2017-05-24,P02,604,2017,5,2,0
2017-05-24,P03,380,2017,5,2,0
2017-05-24,P04,241,2017,5,2,0
2017-05-24,P05,192,2017,5,2,0
2017-05-25,P01,246,2017,5,3,0
2017-05-25,P02,594,2017,5,3,0
2017-05-25,P03,382,2017,5,3,0
2017-05-25,P04,232,2017,5,3,0
2017-05-25,P05,190,2017,5,3,0
2017-05-26,P01,230,2017,5,4,0
2017-05-26,P02,600,2017,5,4,0
2017-05-26,P03,389,2017,5,4,0
2017-05-26,P04,241,2017,5,4,0
2017-05-26,P05,212,2017,5,4,0
2017-05-27,P01,239,2017,5,5,1
2017-05-27,P02,599,2017,5,5,1
2017-05-27,P03,383,2017,5,5,1
2017-05-27,P04,231,2017,5,5,1
2017-05-27,P05,197,2017,5,5,1
2017-05-28,P01,242,2017,5,6,1
2017-05-28,P02,608,2017,5,6,1
2017-05-28,P03,375,2017,5,6,1
2017-05-28,P04,231,2017,5,6,1
2017-05-28,P05,211,2017,5,6,1
2017-05-29,P01,245,2017,5,0,0
2017-05-29,P02,601,2017,5,0,0
2017-05-29,P03,371,2017,5,0,0
2017-05-29,P04,235,2017,5,0,0
2017-05-29,P05,191,2017,5,0,0
2017-05-30,P01,233,2017,5,1,0
2017-05-30,P02,591,2017,5,1,0
2017-05-30,P03,373,2017,5,1,0
2017-05-30,P04,234,2017,5,1,0
2017-05-30,P05,195,2017,5,1,0
2017-05-31,P01,243,2017,5,2,0
2017-05-31,P02,604,2017,5,2,0
2017-05-31,P03,371,2017,5,2,0
2017-05-31,P04,229,2017,5,2,0
2017-05-31,P05,192,2017,5,2,0
2017-06-01,P01,222,2017,6,3,0
2017-06-01,P02,591,2017,6,3,0
2017-06-01,P03,365,2017,6,3,0
2017-06-01,P04,240,2017,6,3,0
2017-06-01,P05,196,2017,6,3,0
2017-06-02,P01,227,2017,6,4,0
2017-06-02,P02,579,2017,6,4,0
2017-06-02,P03,379,2017,6,4,0
2017-06-02,P04,226,2017,6,4,0
2017-06-02,P05,203,2017,6,4,0
2017-06-03,P01,246,2017,6,5,1
2017-06-03,P02,587,2017,6,5,1
2017-06-03,P03,360,2017,6,5,1
2017-06-03,P04,238,2017,6,5,1
2017-06-03,P05,198,2017,6,5,1
2017-06-04,P01,233,2017,6,6,1
2017-06-04,P02,599,2017,6,6,1
2017-06-04,P03,371,2017,6,6,1
2017-06-04,P04,238,2017,6,6,1
2017-06-04,P05,201,2017,6,6,1
2017-06-05,P01,239,2017,6,0,0
2017-06-05,P02,597,2017,6,0,0
2017-06-05,P03,367,2017,6,0,0
2017-06-05,P04,235,2017,6,0,0
2017-06-05,P05,195,2017,6,0,0
2017-06-06,P01,236,2017,6,1,0
2017-06-06,P02,592,2017,6,1,0
2017-06-06,P03,374,2017,6,1,0
2017-06-06,P04,232,2017,6,1,0
2017-06-06,P05,190,2017,6,1,0
2017-06-07,P01,233,2017,6,2,0
2017-06-07,P02,600,2017,6,2,0
2017-06-07,P03,373,2017,6,2,0
2017-06-07,P04,215,2017,6,2,0
2017-06-07,P05,192,2017,6,2,0
2017-06-08,P01,229,2017,6,3,0
2017-06-08,P02,591,2017,6,3,0
2017-06-08,P03,372,2017,6,3,0
2017-06-08,P04,243,2017,6,3,0
2017-06-08,P05,191,2017,6,3,0
2017-06-09,P01,235,2017,6,4,0
2017-06-09,P02,596,2017,6,4,0
2017-06-09,P03,370,2017,6,4,0
2017-06-09,P04,236,2017,6,4,0
2017-06-09,P05,194,2017,6,4,0
2017-06-10,P01,233,2017,6,5,1
2017-06-10,P02,584,2017,6,5,1
2017-06-10,P03,363,2017,6,5,1
2017-06-10,P04,230,2017,6,5,1
2017-06-10,P05,195,2017,6,5,1
2017-06-11,P01,232,2017,6,6,1
2017-06-11,P02,593,2017,6,6,1
2017-06-11,P03,368,2017,6,6,1
2017-06-11,P04,232,2017,6,6,1
2017-06-11,P05,179,2017,6,6,1
2017-06-12,P01,220,2017,6,0,0
2017-06-12,P02,579,2017,6,0,0
2017-06-12,P03,366,2017,6,0,0
2017-06-12,P04,222,2017,6,0,0
2017-06-12,P05,185,2017,6,0,0
2017-06-13,P01,229,2017,6,1,0
2017-06-13,P02,600,2017,6,1,0
2017-06-13,P03,377,2017,6,1,0
2017-06-13,P04,230,2017,6,1,0
2017-06-13,P05,186,2017,6,1,0
2017-06-14,P01,215,2017,6,2,0
2017-06-14,P02,596,2017,6,2,0
2017-06-14,P03,357,2017,6,2,0
2017-06-14,P04,233,2017,6,2,0
2017-06-14,P05,187,2017,6,2,0
2017-06-15,P01,228,2017,6,3,0
2017-06-15,P02,611,2017,6,3,0
2017-06-15,P03,362,2017,6,3,0
2017-06-15,P04,216,2017,6,3,0
2017-06-15,P05,182,2017,6,3,0
2017-06-16,P01,230,2017,6,4,0
2017-06-16,P02,585,2017,6,4,0
2017-06-16,P03,376,2017,6,4,0
2017-06-16,P04,226,2017,6,4,0
2017-06-16,P05,188,2017,6,4,0
2017-06-17,P01,224,2017,6,5,1
2017-06-17,P02,586,2017,6,5,1
2017-06-17,P03,366,2017,6,5,1
2017-06-17,P04,227,2017,6,5,1
2017-06-17,P05,186,2017,6,5,1
2017-06-18,P01,217,2017,6,6,1
2017-06-18,P02,600,2017,6,6,1
2017-06-18,P03,361,2017,6,6,1
2017-06-18,P04,214,2017,6,6,1
2017-06-18,P05,185,2017,6,6,1
2017-06-19,P01,224,2017,6,0,0
2017-06-19,P02,585,2017,6,0,0
2017-06-19,P03,364,2017,6,0,0
2017-06-19,P04,213,2017,6,0,0
2017-06-19,P05,185,2017,6,0,0
2017-06-20,P01,229,2017,6,1,0
2017-06-20,P02,578,2017,6,1,0
2017-06-20,P03,374,2017,6,1,0
2017-06-20,P04,222,2017,6,1,0
2017-06-20,P05,182,2017,6,1,0
2017-06-21,P01,223,2017,6,2,0
2017-06-21,P02,584,2017,6,2,0
2017-06-21,P03,367,2017,6,2,0
2017-06-21,P04,219,2017,6,2,0
2017-06-21,P05,180,2017,6,2,0
2017-06-22,P01,212,2017,6,3,0
2017-06-22,P02,573,2017,6,3,0
2017-06-22,P03,377,2017,6,3,0
2017-06-22,P04,227,2017,6,3,0
2017-06-22,P05,180,2017,6,3,0
2017-06-23,P01,229,2017,6,4,0
2017-06-23,P02,581,2017,6,4,0
2017-06-23,P03,364,2017,6,4,0
2017-06-23,P04,233,2017,6,4,0
2017-06-23,P05,179,2017,6,4,0
2017-06-24,P01,219,2017,6,5,1
2017-06-24,P02,588,2017,6,5,1
2017-06-24,P03,359,2017,6,5,1
2017-06-24,P04,223,2017,6,5,1
2017-06-24,P05,179,2017,6,5,1
2017-06-25,P01,211,2017,6,6,1
2017-06-25,P02,582,2017,6,6,1
2017-06-25,P03,363,2017,6,6,1
2017-06-25,P04,223,2017,6,6,1
2017-06-25,P05,184,2017,6,6,1
2017-06-26,P01,207,2017,6,0,0
2017-06-26,P02,575,2017,6,0,0
2017-06-26,P03,358,2017,6,0,0
2017-06-26,P04,227,2017,6,0,0
2017-06-26,P05,186,2017,6,0,0
2017-06-27,P01,224,2017,6,1,0
2017-06-27,P02,578,2017,6,1,0
2017-06-27,P03,346,2017,6,1,0
2017-06-27,P04,204,2017,6,1,0
2017-06-27,P05,175,2017,6,1,0
2017-06-28,P01,222,2017,6,2,0
2017-06-28,P02,580,2017,6,2,0
2017-06-28,P03,353,2017,6,2,0
2017-06-28,P04,213,2017,6,2,0
2017-06-28,P05,177,2017,6,2,0
2017-06-29,P01,222,2017,6,3,0
2017-06-29,P02,578,2017,6,3,0
2017-06-29,P03,354,2017,6,3,0
2017-06-29,P04,222,2017,6,3,0
2017-06-29,P05,181,2017,6,3,0
2017-06-30,P01,214,2017,6,4,0
2017-06-30,P02,577,2017,6,4,0
2017-06-30,P03,358,2017,6,4,0
2017-06-30,P04,209,2017,6,4,0
2017-06-30,P05,179,2017,6,4,0
2017-07-01,P01,219,2017,7,5,1
2017-07-01,P02,574,2017,7,5,1
2017-07-01,P03,349,2017,7,5,1
2017-07-01,P04,218,2017,7,5,1
2017-07-01,P05,180,2017,7,5,1
2017-07-02,P01,212,2017,7,6,1
2017-07-02,P02,585,2017,7,6,1
2017-07-02,P03,364,2017,7,6,1
2017-07-02,P04,218,2017,7,6,1
2017-07-02,P05,176,2017,7,6,1
2017-07-03,P01,204,2017,7,0,0
2017-07-03,P02,570,2017,7,0,0
2017-07-03,P03,361,2017,7,0,0
2017-07-03,P04,212,2017,7,0,0
2017-07-03,P05,179,2017,7,0,0
2017-07-04,P01,212,2017,7,1,0
2017-07-04,P02,575,2017,7,1,0
2017-07-04,P03,346,2017,7,1,0
2017-07-04,P04,205,2017,7,1,0
2017-07-04,P05,164,2017,7,1,0
2017-07-05,P01,201,2017,7,2,0
2017-07-05,P02,579,2017,7,2,0
2017-07-05,P03,339,2017,7,2,0
2017-07-05,P04,222,2017,7,2,0
2017-07-05,P05,172,2017,7,2,0
2017-07-06,P01,215,2017,7,3,0
2017-07-06,P02,574,2017,7,3,0
2017-07-06,P03,358,2017,7,3,0
2017-07-06,P04,209,2017,7,3,0
2017-07-06,P05,171,2017,7,3,0
2017-07-07,P01,210,2017,7,4,0
2017-07-07,P02,571,2017,7,4,0
2017-07-07,P03,356,2017,7,4,0
2017-07-07,P04,210,2017,7,4,0
2017-07-07,P05,171,2017,7,4,0
2017-07-08,P01,207,2017,7,5,1
2017-07-08,P02,564,2017,7,5,1
2017-07-08,P03,344,2017,7,5,1
2017-07-08,P04,204,2017,7,5,1
2017-07-08,P05,186,2017,7,5,1
2017-07-09,P01,210,2017,7,6,1
2017-07-09,P02,581,2017,7,6,1
2017-07-09,P03,343,2017,7,6,1
2017-07-09,P04,212,2017,7,6,1
2017-07-09,P05,170,2017,7,6,1
2017-07-10,P01,205,2017,7,0,0
2017-07-10,P02,577,2017,7,0,0
2017-07-10,P03,359,2017,7,0,0
2017-07-10,P04,204,2017,7,0,0
2017-07-10,P05,173,2017,7,0,0
2017-07-11,P01,212,2017,7,1,0
2017-07-11,P02,554,2017,7,1,0
2017-07-11,P03,354,2017,7,1,0
2017-07-11,P04,206,2017,7,1,0
2017-07-11,P05,170,2017,7,1,0
2017-07-12,P01,204,2017,7,2,0
2017-07-12,P02,570,2017,7,2,0
2017-07-12,P03,354,2017,7,2,0
2017-07-12,P04,201,2017,7,2,0
2017-07-12,P05,168,2017,7,2,0
2017-07-13,P01,219,2017,7,3,0
2017-07-13,P02,561,2017,7,3,0
2017-07-13,P03,350,2017,7,3,0
2017-07-13,P04,209,2017,7,3,0
2017-07-13,P05,165,2017,7,3,0
2017-07-14,P01,198,2017,7,4,0
2017-07-14,P02,573,2017,7,4,0
2017-07-14,P03,340,2017,7,4,0
2017-07-14,P04,202,2017,7,4,0
2017-07-14,P05,170,2017,7,4,0
2017-07-15,P01,204,2017,7,5,1
2017-07-15,P02,571,2017,7,5,1
2017-07-15,P03,343,2017,7,5,1
2017-07-15,P04,203,2017,7,5,1
2017-07-15,P05,151,2017,7,5,1
2017-07-16,P01,197,2017,7,6,1
2017-07-16,P02,567,2017,7,6,1
2017-07-16,P03,350,2017,7,6,1
2017-07-16,P04,193,2017,7,6,1
2017-07-16,P05,169,2017,7,6,1
2017-07-17,P01,205,2017,7,0,0
2017-07-17,P02,565,2017,7,0,0
2017-07-17,P03,341,2017,7,0,0
2017-07-17,P04,207,2017,7,0,0
2017-07-17,P05,172,2017,7,0,0
2017-07-18,P01,195,2017,7,1,0
2017-07-18,P02,568,2017,7,1,0
2017-07-18,P03,345,2017,7,1,0
2017-07-18,P04,210,2017,7,1,0
2017-07-18,P05,169,2017,7,1,0
2017-07-19,P01,205,2017,7,2,0
2017-07-19,P02,562,2017,7,2,0
2017-07-19,P03,339,2017,7,2,0
2017-07-19,P04,197,2017,7,2,0
2017-07-19,P05,166,2017,7,2,0
2017-07-20,P01,207,2017,7,3,0
2017-07-20,P02,567,2017,7,3,0
2017-07-20,P03,342,2017,7,3,0
2017-07-20,P04,195,2017,7,3,0
2017-07-20,P05,173,2017,7,3,0
2017-07-21,P01,204,2017,7,4,0
2017-07-21,P02,555,2017,7,4,0
2017-07-21,P03,333,2017,7,4,0
2017-07-21,P04,208,2017,7,4,0
2017-07-21,P05,154,2017,7,4,0
2017-07-22,P01,208,2017,7,5,1
2017-07-22,P02,563,2017,7,5,1
2017-07-22,P03,326,2017,7,5,1
2017-07-22,P04,192,2017,7,5,1
2017-07-22,P05,153,2017,7,5,1
2017-07-23,P01,206,2017,7,6,1
2017-07-23,P02,560,2017,7,6,1
2017-07-23,P03,345,2017,7,6,1
2017-07-23,P04,205,2017,7,6,1
2017-07-23,P05,160,2017,7,6,1
2017-07-24,P01,209,2017,7,0,0
2017-07-24,P02,561,2017,7,0,0
2017-07-24,P03,328,2017,7,0,0
2017-07-24,P04,200,2017,7,0,0
2017-07-24,P05,159,2017,7,0,0
2017-07-25,P01,196,2017,7,1,0
2017-07-25,P02,555,2017,7,1,0
2017-07-25,P03,349,2017,7,1,0
2017-07-25,P04,200,2017,7,1,0
2017-07-25,P05,161,2017,7,1,0
2017-07-26,P01,196,2017,7,2,0
2017-07-26,P02,555,2017,7,2,0
2017-07-26,P03,353,2017,7,2,0
2017-07-26,P04,199,2017,7,2,0
2017-07-26,P05,164,2017,7,2,0
2017-07-27,P01,202,2017,7,3,0
2017-07-27,P02,555,2017,7,3,0
2017-07-27,P03,340,2017,7,3,0
2017-07-27,P04,190,2017,7,3,0
2017-07-27,P05,159,2017,7,3,0
2017-07-28,P01,202,2017,7,4,0
2017-07-28,P02,562,2017,7,4,0
2017-07-28,P03,334,2017,7,4,0
2017-07-28,P04,205,2017,7,4,0
2017-07-28,P05,152,2017,7,4,0
2017-07-29,P01,192,2017,7,5,1
2017-07-29,P02,546,2017,7,5,1
2017-07-29,P03,345,2017,7,5,1
2017-07-29,P04,201,2017,7,5,1
2017-07-29,P05,159,2017,7,5,1
2017-07-30,P01,200,2017,7,6,1
2017-07-30,P02,557,2017,7,6,1
2017-07-30,P03,329,2017,7,6,1
2017-07-30,P04,185,2017,7,6,1
2017-07-30,P05,160,2017,7,6,1
2017-07-31,P01,181,2017,7,0,0
2017-07-31,P02,564,2017,7,0,0
2017-07-31,P03,332,2017,7,0,0
2017-07-31,P04,190,2017,7,0,0
2017-07-31,P05,164,2017,7,0,0
2017-08-01,P01,194,2017,8,1,0
2017-08-01,P02,561,2017,8,1,0
2017-08-01,P03,334,2017,8,1,0
2017-08-01,P04,195,2017,8,1,0
2017-08-01,P05,152,2017,8,1,0
2017-08-02,P01,192,2017,8,2,0
2017-08-02,P02,563,2017,8,2,0
2017-08-02,P03,341,2017,8,2,0
2017-08-02,P04,191,2017,8,2,0
2017-08-02,P05,141,2017,8,2,0
2017-08-03,P01,180,2017,8,3,0
2017-08-03,P02,558,2017,8,3,0
2017-08-03,P03,320,2017,8,3,0
2017-08-03,P04,186,2017,8,3,0
2017-08-03,P05,151,2017,8,3,0
2017-08-04,P01,199,2017,8,4,0
2017-08-04,P02,543,2017,8,4,0
2017-08-04,P03,329,2017,8,4,0
2017-08-04,P04,199,2017,8,4,0
2017-08-04,P05,166,2017,8,4,0
2017-08-05,P01,186,2017,8,5,1
2017-08-05,P02,552,2017,8,5,1
2017-08-05,P03,330,2017,8,5,1
2017-08-05,P04,190,2017,8,5,1
2017-08-05,P05,154,2017,8,5,1
2017-08-06,P01,191,2017,8,6,1
2017-08-06,P02,551,2017,8,6,1
2017-08-06,P03,328,2017,8,6,1
2017-08-06,P04,193,2017,8,6,1
2017-08-06,P05,152,2017,8,6,1
2017-08-07,P01,184,2017,8,0,0
2017-08-07,P02,547,2017,8,0,0
2017-08-07,P03,328,2017,8,0,0
2017-08-07,P04,180,2017,8,0,0
2017-08-07,P05,157,2017,8,0,0
2017-08-08,P01,181,2017,8,1,0
2017-08-08,P02,556,2017,8,1,0
2017-08-08,P03,333,2017,8,1,0
2017-08-08,P04,200,2017,8,1,0
2017-08-08,P05,151,2017,8,1,0
2017-08-09,P01,190,2017,8,2,0
2017-08-09,P02,549,2017,8,2,0
2017-08-09,P03,326,2017,8,2,0
2017-08-09,P04,194,2017,8,2,0
2017-08-09,P05,159,2017,8,2,0
2017-08-10,P01,191,2017,8,3,0
2017-08-10,P02,540,2017,8,3,0
2017-08-10,P03,324,2017,8,3,0
2017-08-10,P04,186,2017,8,3,0
2017-08-10,P05,165,2017,8,3,0
2017-08-11,P01,183,2017,8,4,0
2017-08-11,P02,551,2017,8,4,0
2017-08-11,P03,323,2017,8,4,0
2017-08-11,P04,192,2017,8,4,0
2017-08-11,P05,158,2017,8,4,0
2017-08-12,P01,191,2017,8,5,1
2017-08-12,P02,540,2017,8,5,1
2017-08-12,P03,329,2017,8,5,1
2017-08-12,P04,190,2017,8,5,1
2017-08-12,P05,150,2017,8,5,1
2017-08-13,P01,187,2017,8,6,1
2017-08-13,P02,552,2017,8,6,1
2017-08-13,P03,330,2017,8,6,1
2017-08-13,P04,191,2017,8,6,1
2017-08-13,P05,159,2017,8,6,1
2017-08-14,P01,200,2017,8,0,0
2017-08-14,P02,544,2017,8,0,0
2017-08-14,P03,324,2017,8,0,0
2017-08-14,P04,190,2017,8,0,0
2017-08-14,P05,145,2017,8,0,0
2017-08-15,P01,185,2017,8,1,0
2017-08-15,P02,548,2017,8,1,0
2017-08-15,P03,325,2017,8,1,0
2017-08-15,P04,192,2017,8,1,0
2017-08-15,P05,140,2017,8,1,0
2017-08-16,P01,182,2017,8,2,0
2017-08-16,P02,546,2017,8,2,0
2017-08-16,P03,334,2017,8,2,0
2017-08-16,P04,180,2017,8,2,0
2017-08-16,P05,144,2017,8,2,0
2017-08-17,P01,182,2017,8,3,0
2017-08-17,P02,532,2017,8,3,0
2017-08-17,P03,324,2017,8,3,0
2017-08-17,P04,185,2017,8,3,0
2017-08-17,P05,141,2017,8,3,0
2017-08-18,P01,190,2017,8,4,0
2017-08-18,P02,545,2017,8,4,0
2017-08-18,P03,316,2017,8,4,0
2017-08-18,P04,176,2017,8,4,0
2017-08-18,P05,156,2017,8,4,0
2017-08-19,P01,197,2017,8,5,1
2017-08-19,P02,550,2017,8,5,1
2017-08-19,P03,321,2017,8,5,1
2017-08-19,P04,191,2017,8,5,1
2017-08-19,P05,150,2017,8,5,1
2017-08-20,P01,196,2017,8,6,1
2017-08-20,P02,534,2017,8,6,1
2017-08-20,P03,328,2017,8,6,1
2017-08-20,P04,197,2017,8,6,1
2017-08-20,P05,141,2017,8,6,1
2017-08-21,P01,182,2017,8,0,0
2017-08-21,P02,551,2017,8,0,0
2017-08-21,P03,329,2017,8,0,0
2017-08-21,P04,180,2017,8,0,0
2017-08-21,P05,156,2017,8,0,0
2017-08-22,P01,172,2017,8,1,0
2017-08-22,P02,550,2017,8,1,0
2017-08-22,P03,324,2017,8,1,0
2017-08-22,P04,188,2017,8,1,0
2017-08-22,P05,130,2017,8,1,0
2017-08-23,P01,184,2017,8,2,0
2017-08-23,P02,547,2017,8,2,0
2017-08-23,P03,324,2017,8,2,0
2017-08-23,P04,182,2017,8,2,0
2017-08-23,P05,150,2017,8,2,0
2017-08-24,P01,179,2017,8,3,0
2017-08-24,P02,543,2017,8,3,0
2017-08-24,P03,320,2017,8,3,0
2017-08-24,P04,189,2017,8,3,0
2017-08-24,P05,140,2017,8,3,0
2017-08-25,P01,181,2017,8,4,0
2017-08-25,P02,537,2017,8,4,0
2017-08-25,P03,325,2017,8,4,0
2017-08-25,P04,183,2017,8,4,0
2017-08-25,P05,142,2017,8,4,0
2017-08-26,P01,179,2017,8,5,1
2017-08-26,P02,543,2017,8,5,1
2017-08-26,P03,322,2017,8,5,1
2017-08-26,P04,182,2017,8,5,1
2017-08-26,P05,139,2017,8,5,1
2017-08-27,P01,192,2017,8,6,1
2017-08-27,P02,555,2017,8,6,1
2017-08-27,P03,313,2017,8,6,1
2017-08-27,P04,176,2017,8,6,1
2017-08-27,P05,140,2017,8,6,1
2017-08-28,P01,176,2017,8,0,0
2017-08-28,P02,533,2017,8,0,0
2017-08-28,P03,314,2017,8,0,0
2017-08-28,P04,174,2017,8,0,0
2017-08-28,P05,142,2017,8,0,0
2017-08-29,P01,182,2017,8,1,0
2017-08-29,P02,538,2017,8,1,0
2017-08-29,P03,319,2017,8,1,0
2017-08-29,P04,189,2017,8,1,0
2017-08-29,P05,147,2017,8,1,0
2017-08-30,P01,192,2017,8,2,0
2017-08-30,P02,541,2017,8,2,0
2017-08-30,P03,323,2017,8,2,0
2017-08-30,P04,185,2017,8,2,0
2017-08-30,P05,140,2017,8,2,0
2017-08-31,P01,182,2017,8,3,0
2017-08-31,P02,541,2017,8,3,0
2017-08-31,P03,328,2017,8,3,0
2017-08-31,P04,184,2017,8,3,0
2017-08-31,P05,136,2017,8,3,0
2017-09-01,P01,184,2017,9,4,0
2017-09-01,P02,539,2017,9,4,0
2017-09-01,P03,317,2017,9,4,0
2017-09-01,P04,167,2017,9,4,0
2017-09-01,P05,141,2017,9,4,0
2017-09-02,P01,186,2017,9,5,1
2017-09-02,P02,547,2017,9,5,1
2017-09-02,P03,312,2017,9,5,1
2017-09-02,P04,194,2017,9,5,1
2017-09-02,P05,142,2017,9,5,1
2017-09-03,P01,181,2017,9,6,1
2017-09-03,P02,533,2017,9,6,1
2017-09-03,P03,329,2017,9,6,1
2017-09-03,P04,175,2017,9,6,1
2017-09-03,P05,133,2017,9,6,1
2017-09-04,P01,180,2017,9,0,0
2017-09-04,P02,544,2017,9,0,0
2017-09-04,P03,315,2017,9,0,0
2017-09-04,P04,181,2017,9,0,0
2017-09-04,P05,133,2017,9,0,0
2017-09-05,P01,182,2017,9,1,0
2017-09-05,P02,549,2017,9,1,0
2017-09-05,P03,313,2017,9,1,0
2017-09-05,P04,170,2017,9,1,0
2017-09-05,P05,139,2017,9,1,0
2017-09-06,P01,187,2017,9,2,0
2017-09-06,P02,535,2017,9,2,0
2017-09-06,P03,306,2017,9,2,0
2017-09-06,P04,181,2017,9,2,0
2017-09-06,P05,129,2017,9,2,0
2017-09-07,P01,179,2017,9,3,0
2017-09-07,P02,547,2017,9,3,0
2017-09-07,P03,318,2017,9,3,0
2017-09-07,P04,177,2017,9,3,0
2017-09-07,P05,135,2017,9,3,0
2017-09-08,P01,175,2017,9,4,0
2017-09-08,P02,533,2017,9,4,0
2017-09-08,P03,319,2017,9,4,0
2017-09-08,P04,176,2017,9,4,0
2017-09-08,P05,135,2017,9,4,0
2017-09-09,P01,168,2017,9,5,1
2017-09-09,P02,545,2017,9,5,1
2017-09-09,P03,318,2017,9,5,1
2017-09-09,P04,175,2017,9,5,1
2017-09-09,P05,134,2017,9,5,1
2017-09-10,P01,190,2017,9,6,1
2017-09-10,P02,549,2017,9,6,1
2017-09-10,P03,313,2017,9,6,1
2017-09-10,P04,176,2017,9,6,1
2017-09-10,P05,135,2017,9,6,1
2017-09-11,P01,187,2017,9,0,0
2017-09-11,P02,538,2017,9,0,0
2017-09-11,P03,319,2017,9,0,0
2017-09-11,P04,178,2017,9,0,0
2017-09-11,P05,128,2017,9,0,0
2017-09-12,P01,171,2017,9,1,0
2017-09-12,P02,545,2017,9,1,0
2017-09-12,P03,303,2017,9,1,0
2017-09-12,P04,196,2017,9,1,0
2017-09-12,P05,142,2017,9,1,0
2017-09-13,P01,186,2017,9,2,0
2017-09-13,P02,544,2017,9,2,0
2017-09-13,P03,314,2017,9,2,0
2017-09-13,P04,165,2017,9,2,0
2017-09-13,P05,143,2017,9,2,0
2017-09-14,P01,182,2017,9,3,0
2017-09-14,P02,530,2017,9,3,0
2017-09-14,P03,310,2017,9,3,0
2017-09-14,P04,177,2017,9,3,0
2017-09-14,P05,139,2017,9,3,0
2017-09-15,P01,181,2017,9,4,0
2017-09-15,P02,532,2017,9,4,0
2017-09-15,P03,314,2017,9,4,0
2017-09-15,P04,173,2017,9,4,0
2017-09-15,P05,126,2017,9,4,0
2017-09-16,P01,167,2017,9,5,1
2017-09-16,P02,539,2017,9,5,1
2017-09-16,P03,320,2017,9,5,1
2017-09-16,P04,178,2017,9,5,1
2017-09-16,P05,129,2017,9,5,1
2017-09-17,P01,170,2017,9,6,1
2017-09-17,P02,534,2017,9,6,1
2017-09-17,P03,313,2017,9,6,1
2017-09-17,P04,181,2017,9,6,1
2017-09-17,P05,137,2017,9,6,1
2017-09-18,P01,181,2017,9,0,0
2017-09-18,P02,538,2017,9,0,0
2017-09-18,P03,314,2017,9,0,0
2017-09-18,P04,184,2017,9,0,0
2017-09-18,P05,137,2017,9,0,0
2017-09-19,P01,183,2017,9,1,0
2017-09-19,P02,554,2017,9,1,0
2017-09-19,P03,319,2017,9,1,0
2017-09-19,P04,179,2017,9,1,0
2017-09-19,P05,141,2017,9,1,0
2017-09-20,P01,171,2017,9,2,0
2017-09-20,P02,538,2017,9,2,0
2017-09-20,P03,316,2017,9,2,0
2017-09-20,P04,166,2017,9,2,0
2017-09-20,P05,140,2017,9,2,0
2017-09-21,P01,178,2017,9,3,0
2017-09-21,P02,533,2017,9,3,0
2017-09-21,P03,320,2017,9,3,0
2017-09-21,P04,174,2017,9,3,0
2017-09-21,P05,141,2017,9,3,0
2017-09-22,P01,178,2017,9,4,0
2017-09-22,P02,548,2017,9,4,0
2017-09-22,P03,315,2017,9,4,0
2017-09-22,P04,175,2017,9,4,0
2017-09-22,P05,139,2017,9,4,0
2017-09-23,P01,180,2017,9,5,1
2017-09-23,P02,543,2017,9,5,1
2017-09-23,P03,322,2017,9,5,1
2017-09-23,P04,170,2017,9,5,1
2017-09-23,P05,140,2017,9,5,1
2017-09-24,P01,172,2017,9,6,1
2017-09-24,P02,531,2017,9,6,1
2017-09-24,P03,314,2017,9,6,1
2017-09-24,P04,177,2017,9,6,1
2017-09-24,P05,132,2017,9,6,1
2017-09-25,P01,177,2017,9,0,0
2017-09-25,P02,532,2017,9,0,0
2017-09-25,P03,313,2017,9,0,0
2017-09-25,P04,174,2017,9,0,0
2017-09-25,P05,138,2017,9,0,0
2017-09-26,P01,179,2017,9,1,0
2017-09-26,P02,524,2017,9,1,0
2017-09-26,P03,308,2017,9,1,0
2017-09-26,P04,183,2017,9,1,0
2017-09-26,P05,138,2017,9,1,0
2017-09-27,P01,186,2017,9,2,0
2017-09-27,P02,530,2017,9,2,0
2017-09-27,P03,315,2017,9,2,0
2017-09-27,P04,180,2017,9,2,0
2017-09-27,P05,128,2017,9,2,0
2017-09-28,P01,174,2017,9,3,0
2017-09-28,P02,531,2017,9,3,0
2017-09-28,P03,322,2017,9,3,0
2017-09-28,P04,190,2017,9,3,0
2017-09-28,P05,141,2017,9,3,0
2017-09-29,P01,174,2017,9,4,0
2017-09-29,P02,536,2017,9,4,0
2017-09-29,P03,301,2017,9,4,0
2017-09-29,P04,177,2017,9,4,0
2017-09-29,P05,128,2017,9,4,0
2017-09-30,P01,179,2017,9,5,1
2017-09-30,P02,530,2017,9,5,1
2017-09-30,P03,312,2017,9,5,1
2017-09-30,P04,172,2017,9,5,1
2017-09-30,P05,132,2017,9,5,1
2017-10-01,P01,184,2017,10,6,1
2017-10-01,P02,550,2017,10,6,1
2017-10-01,P03,338,2017,10,6,1
2017-10-01,P04,170,2017,10,6,1
2017-10-01,P05,142,2017,10,6,1
2017-10-02,P01,174,2017,10,0,0
2017-10-02,P02,524,2017,10,0,0
2017-10-02,P03,323,2017,10,0,0
2017-10-02,P04,174,2017,10,0,0
2017-10-02,P05,133,2017,10,0,0
2017-10-03,P01,179,2017,10,1,0
2017-10-03,P02,527,2017,10,1,0
2017-10-03,P03,307,2017,10,1,0
2017-10-03,P04,179,2017,10,1,0
2017-10-03,P05,126,2017,10,1,0
2017-10-04,P01,187,2017,10,2,0
2017-10-04,P02,539,2017,10,2,0
2017-10-04,P03,319,2017,10,2,0
2017-10-04,P04,183,2017,10,2,0
2017-10-04,P05,144,2017,10,2,0
2017-10-05,P01,176,2017,10,3,0
2017-10-05,P02,538,2017,10,3,0
2017-10-05,P03,316,2017,10,3,0
2017-10-05,P04,178,2017,10,3,0
2017-10-05,P05,137,2017,10,3,0
2017-10-06,P01,170,2017,10,4,0
2017-10-06,P02,527,2017,10,4,0
2017-10-06,P03,303,2017,10,4,0
2017-10-06,P04,182,2017,10,4,0
2017-10-06,P05,145,2017,10,4,0
2017-10-07,P01,171,2017,10,5,1
2017-10-07,P02,536,2017,10,5,1
2017-10-07,P03,327,2017,10,5,1
2017-10-07,P04,175,2017,10,5,1
2017-10-07,P05,132,2017,10,5,1
2017-10-08,P01,173,2017,10,6,1
2017-10-08,P02,539,2017,10,6,1
2017-10-08,P03,316,2017,10,6,1
2017-10-08,P04,171,2017,10,6,1
2017-10-08,P05,141,2017,10,6,1
2017-10-09,P01,177,2017,10,0,0
2017-10-09,P02,543,2017,10,0,0
2017-10-09,P03,306,2017,10,0,0
2017-10-09,P04,170,2017,10,0,0
2017-10-09,P05,134,2017,10,0,0
2017-10-10,P01,167,2017,10,1,0
2017-10-10,P02,537,2017,10,1,0
2017-10-10,P03,327,2017,10,1,0
2017-10-10,P04,169,2017,10,1,0
2017-10-10,P05,122,2017,10,1,0
2017-10-11,P01,177,2017,10,2,0
2017-10-11,P02,549,2017,10,2,0
2017-10-11,P03,318,2017,10,2,0
2017-10-11,P04,178,2017,10,2,0
2017-10-11,P05,129,2017,10,2,0
2017-10-12,P01,179,2017,10,3,0
2017-10-12,P02,545,2017,10,3,0
2017-10-12,P03,308,2017,10,3,0
2017-10-12,P04,180,2017,10,3,0
2017-10-12,P05,147,2017,10,3,0
2017-10-13,P01,169,2017,10,4,0
2017-10-13,P02,543,2017,10,4,0
2017-10-13,P03,312,2017,10,4,0
2017-10-13,P04,180,2017,10,4,0
2017-10-13,P05,149,2017,10,4,0
2017-10-14,P01,177,2017,10,5,1
2017-10-14,P02,531,2017,10,5,1
2017-10-14,P03,312,2017,10,5,1
2017-10-14,P04,173,2017,10,5,1
2017-10-14,P05,129,2017,10,5,1
2017-10-15,P01,181,2017,10,6,1
2017-10-15,P02,537,2017,10,6,1
2017-10-15,P03,322,2017,10,6,1
2017-10-15,P04,184,2017,10,6,1
2017-10-15,P05,133,2017,10,6,1
2017-10-16,P01,183,2017,10,0,0
2017-10-16,P02,528,2017,10,0,0
2017-10-16,P03,316,2017,10,0,0
2017-10-16,P04,178,2017,10,0,0
2017-10-16,P05,135,2017,10,0,0
2017-10-17,P01,164,2017,10,1,0
2017-10-17,P02,539,2017,10,1,0
2017-10-17,P03,318,2017,10,1,0
2017-10-17,P04,174,2017,10,1,0
2017-10-17,P05,135,2017,10,1,0
2017-10-18,P01,175,2017,10,2,0
2017-10-18,P02,544,2017,10,2,0
2017-10-18,P03,316,2017,10,2,0
2017-10-18,P04,186,2017,10,2,0
2017-10-18,P05,136,2017,10,2,0
2017-10-19,P01,168,2017,10,3,0
2017-10-19,P02,519,2017,10,3,0
2017-10-19,P03,331,2017,10,3,0
2017-10-19,P04,167,2017,10,3,0
2017-10-19,P05,122,2017,10,3,0
2017-10-20,P01,205,2017,10,4,0
2017-10-20,P02,543,2017,10,4,0
2017-10-20,P03,316,2017,10,4,0
2017-10-20,P04,179,2017,10,4,0
2017-10-20,P05,136,2017,10,4,0
2017-10-21,P01,188,2017,10,5,1
2017-10-21,P02,536,2017,10,5,1
2017-10-21,P03,312,2017,10,5,1
2017-10-21,P04,183,2017,10,5,1
2017-10-21,P05,124,2017,10,5,1
2017-10-22,P01,171,2017,10,6,1
2017-10-22,P02,545,2017,10,6,1
2017-10-22,P03,320,2017,10,6,1
2017-10-22,P04,181,2017,10,6,1
2017-10-22,P05,134,2017,10,6,1
2017-10-23,P01,184,2017,10,0,0
2017-10-23,P02,545,2017,10,0,0
2017-10-23,P03,316,2017,10,0,0
2017-10-23,P04,160,2017,10,0,0
2017-10-23,P05,145,2017,10,0,0
2017-10-24,P01,174,2017,10,1,0
2017-10-24,P02,540,2017,10,1,0
2017-10-24,P03,318,2017,10,1,0
2017-10-24,P04,183,2017,10,1,0
2017-10-24,P05,142,2017,10,1,0
2017-10-25,P01,175,2017,10,2,0
2017-10-25,P02,540,2017,10,2,0
2017-10-25,P03,323,2017,10,2,0
2017-10-25,P04,180,2017,10,2,0
2017-10-25,P05,140,2017,10,2,0
2017-10-26,P01,182,2017,10,3,0
2017-10-26,P02,532,2017,10,3,0
2017-10-26,P03,328,2017,10,3,0
2017-10-26,P04,180,2017,10,3,0
2017-10-26,P05,137,2017,10,3,0
2017-10-27,P01,184,2017,10,4,0
2017-10-27,P02,542,2017,10,4,0
2017-10-27,P03,330,2017,10,4,0
2017-10-27,P04,181,2017,10,4,0
2017-10-27,P05,140,2017,10,4,0
2017-10-28,P01,176,2017,10,5,1
2017-10-28,P02,537,2017,10,5,1
2017-10-28,P03,320,2017,10,5,1
2017-10-28,P04,178,2017,10,5,1
2017-10-28,P05,140,2017,10,5,1
2017-10-29,P01,176,2017,10,6,1
2017-10-29,P02,535,2017,10,6,1
2017-10-29,P03,325,2017,10,6,1
2017-10-29,P04,181,2017,10,6,1
2017-10-29,P05,126,2017,10,6,1
2017-10-30,P01,190,2017,10,0,0
2017-10-30,P02,529,2017,10,0,0
2017-10-30,P03,319,2017,10,0,0
2017-10-30,P04,181,2017,10,0,0
2017-10-30,P05,141,2017,10,0,0
2017-10-31,P01,174,2017,10,1,0
2017-10-31,P02,535,2017,10,1,0
2017-10-31,P03,310,2017,10,1,0
2017-10-31,P04,187,2017,10,1,0
2017-10-31,P05,144,2017,10,1,0
2017-11-01,P01,187,2017,11,2,0
2017-11-01,P02,551,2017,11,2,0
2017-11-01,P03,316,2017,11,2,0
2017-11-01,P04,184,2017,11,2,0
2017-11-01,P05,152,2017,11,2,0
2017-11-02,P01,175,2017,11,3,0
2017-11-02,P02,542,2017,11,3,0
2017-11-02,P03,329,2017,11,3,0
2017-11-02,P04,182,2017,11,3,0
2017-11-02,P05,132,2017,11,3,0
2017-11-03,P01,170,2017,11,4,0
2017-11-03,P02,540,2017,11,4,0
2017-11-03,P03,336,2017,11,4,0
2017-11-03,P04,168,2017,11,4,0
2017-11-03,P05,132,2017,11,4,0
2017-11-04,P01,173,2017,11,5,1
2017-11-04,P02,549,2017,11,5,1
2017-11-04,P03,319,2017,11,5,1
2017-11-04,P04,178,2017,11,5,1
2017-11-04,P05,133,2017,11,5,1
2017-11-05,P01,185,2017,11,6,1
2017-11-05,P02,544,2017,11,6,1
2017-11-05,P03,322,2017,11,6,1
2017-11-05,P04,187,2017,11,6,1
2017-11-05,P05,149,2017,11,6,1
2017-11-06,P01,189,2017,11,0,0
2017-11-06,P02,545,2017,11,0,0
2017-11-06,P03,328,2017,11,0,0
2017-11-06,P04,185,2017,11,0,0
2017-11-06,P05,136,2017,11,0,0
2017-11-07,P01,194,2017,11,1,0
2017-11-07,P02,545,2017,11,1,0
2017-11-07,P03,320,2017,11,1,0
2017-11-07,P04,176,2017,11,1,0
2017-11-07,P05,144,2017,11,1,0
2017-11-08,P01,174,2017,11,2,0
2017-11-08,P02,548,2017,11,2,0
2017-11-08,P03,321,2017,11,2,0
2017-11-08,P04,169,2017,11,2,0
2017-11-08,P05,137,2017,11,2,0
2017-11-09,P01,195,2017,11,3,0
2017-11-09,P02,542,2017,11,3,0
2017-11-09,P03,327,2017,11,3,0
2017-11-09,P04,183,2017,11,3,0
2017-11-09,P05,137,2017,11,3,0
2017-11-10,P01,185,2017,11,4,0
2017-11-10,P02,540,2017,11,4,0
2017-11-10,P03,317,2017,11,4,0
2017-11-10,P04,193,2017,11,4,0
2017-11-10,P05,143,2017,11,4,0
2017-11-11,P01,187,2017,11,5,1
2017-11-11,P02,551,2017,11,5,1
2017-11-11,P03,319,2017,11,5,1
2017-11-11,P04,181,2017,11,5,1
2017-11-11,P05,138,2017,11,5,1
2017-11-12,P01,184,2017,11,6,1
2017-11-12,P02,541,2017,11,6,1
2017-11-12,P03,324,2017,11,6,1
2017-11-12,P04,180,2017,11,6,1
2017-11-12,P05,154,2017,11,6,1
2017-11-13,P01,183,2017,11,0,0
2017-11-13,P02,550,2017,11,0,0
2017-11-13,P03,326,2017,11,0,0
2017-11-13,P04,198,2017,11,0,0
2017-11-13,P05,153,2017,11,0,0
2017-11-14,P01,188,2017,11,1,0
2017-11-14,P02,553,2017,11,1,0
2017-11-14,P03,324,2017,11,1,0
2017-11-14,P04,185,2017,11,1,0
2017-11-14,P05,149,2017,11,1,0
2017-11-15,P01,184,2017,11,2,0
2017-11-15,P02,545,2017,11,2,0
2017-11-15,P03,330,2017,11,2,0
2017-11-15,P04,191,2017,11,2,0
2017-11-15,P05,146,2017,11,2,0
2017-11-16,P01,189,2017,11,3,0
2017-11-16,P02,548,2017,11,3,0
2017-11-16,P03,327,2017,11,3,0
2017-11-16,P04,193,2017,11,3,0
2017-11-16,P05,149,2017,11,3,0
2017-11-17,P01,200,2017,11,4,0
2017-11-17,P02,550,2017,11,4,0
2017-11-17,P03,317,2017,11,4,0
2017-11-17,P04,190,2017,11,4,0
2017-11-17,P05,151,2017,11,4,0
2017-11-18,P01,188,2017,11,5,1
2017-11-18,P02,551,2017,11,5,1
2017-11-18,P03,330,2017,11,5,1
2017-11-18,P04,179,2017,11,5,1
2017-11-18,P05,147,2017,11,5,1
2017-11-19,P01,195,2017,11,6,1
2017-11-19,P02,554,2017,11,6,1
2017-11-19,P03,335,2017,11,6,1
2017-11-19,P04,183,2017,11,6,1
2017-11-19,P05,156,2017,11,6,1
2017-11-20,P01,175,2017,11,0,0
2017-11-20,P02,546,2017,11,0,0
2017-11-20,P03,325,2017,11,0,0
2017-11-20,P04,191,2017,11,0,0
2017-11-20,P05,155,2017,11,0,0
2017-11-21,P01,201,2017,11,1,0
2017-11-21,P02,557,2017,11,1,0
2017-11-21,P03,330,2017,11,1,0
2017-11-21,P04,198,2017,11,1,0
2017-11-21,P05,148,2017,11,1,0
2017-11-22,P01,192,2017,11,2,0
2017-11-22,P02,542,2017,11,2,0
2017-11-22,P03,324,2017,11,2,0
2017-11-22,P04,194,2017,11,2,0
2017-11-22,P05,152,2017,11,2,0
2017-11-23,P01,196,2017,11,3,0
2017-11-23,P02,551,2017,11,3,0
2017-11-23,P03,317,2017,11,3,0
2017-11-23,P04,196,2017,11,3,0
2017-11-23,P05,149,2017,11,3,0
2017-11-24,P01,179,2017,11,4,0
2017-11-24,P02,549,2017,11,4,0
2017-11-24,P03,331,2017,11,4,0
2017-11-24,P04,184,2017,11,4,0
2017-11-24,P05,150,2017,11,4,0
2017-11-25,P01,187,2017,11,5,1
2017-11-25,P02,555,2017,11,5,1
2017-11-25,P03,328,2017,11,5,1
2017-11-25,P04,191,2017,11,5,1
2017-11-25,P05,153,2017,11,5,1
2017-11-26,P01,193,2017,11,6,1
2017-11-26,P02,567,2017,11,6,1
2017-11-26,P03,328,2017,11,6,1
2017-11-26,P04,200,2017,11,6,1
2017-11-26,P05,159,2017,11,6,1
2017-11-27,P01,193,2017,11,0,0
2017-11-27,P02,558,2017,11,0,0
2017-11-27,P03,331,2017,11,0,0
2017-11-27,P04,191,2017,11,0,0
2017-11-27,P05,148,2017,11,0,0
2017-11-28,P01,190,2017,11,1,0
2017-11-28,P02,553,2017,11,1,0
2017-11-28,P03,329,2017,11,1,0
2017-11-28,P04,198,2017,11,1,0
2017-11-28,P05,153,2017,11,1,0
2017-11-29,P01,193,2017,11,2,0
2017-11-29,P02,557,2017,11,2,0
2017-11-29,P03,340,2017,11,2,0
2017-11-29,P04,192,2017,11,2,0
2017-11-29,P05,166,2017,11,2,0
2017-11-30,P01,194,2017,11,3,0
2017-11-30,P02,550,2017,11,3,0
2017-11-30,P03,333,2017,11,3,0
2017-11-30,P04,190,2017,11,3,0
2017-11-30,P05,169,2017,11,3,0
2017-12-01,P01,196,2017,12,4,0
2017-12-01,P02,552,2017,12,4,0
2017-12-01,P03,336,2017,12,4,0
2017-12-01,P04,199,2017,12,4,0
2017-12-01,P05,151,2017,12,4,0
2017-12-02,P01,199,2017,12,5,1
2017-12-02,P02,556,2017,12,5,1
2017-12-02,P03,335,2017,12,5,1
2017-12-02,P04,197,2017,12,5,1
2017-12-02,P05,155,2017,12,5,1
2017-12-03,P01,196,2017,12,6,1
2017-12-03,P02,562,2017,12,6,1
2017-12-03,P03,340,2017,12,6,1
2017-12-03,P04,194,2017,12,6,1
2017-12-03,P05,160,2017,12,6,1
2017-12-04,P01,206,2017,12,0,0
2017-12-04,P02,559,2017,12,0,0
2017-12-04,P03,334,2017,12,0,0
2017-12-04,P04,198,2017,12,0,0
2017-12-04,P05,161,2017,12,0,0
2017-12-05,P01,199,2017,12,1,0
2017-12-05,P02,552,2017,12,1,0
2017-12-05,P03,337,2017,12,1,0
2017-12-05,P04,201,2017,12,1,0
2017-12-05,P05,166,2017,12,1,0
2017-12-06,P01,200,2017,12,2,0
2017-12-06,P02,569,2017,12,2,0
2017-12-06,P03,336,2017,12,2,0
2017-12-06,P04,192,2017,12,2,0
2017-12-06,P05,154,2017,12,2,0
2017-12-07,P01,196,2017,12,3,0
2017-12-07,P02,560,2017,12,3,0
2017-12-07,P03,342,2017,12,3,0
2017-12-07,P04,193,2017,12,3,0
2017-12-07,P05,161,2017,12,3,0
2017-12-08,P01,204,2017,12,4,0
2017-12-08,P02,564,2017,12,4,0
2017-12-08,P03,343,2017,12,4,0
2017-12-08,P04,197,2017,12,4,0
2017-12-08,P05,146,2017,12,4,0
2017-12-09,P01,200,2017,12,5,1
2017-12-09,P02,565,2017,12,5,1
2017-12-09,P03,334,2017,12,5,1
2017-12-09,P04,210,2017,12,5,1
2017-12-09,P05,153,2017,12,5,1
2017-12-10,P01,198,2017,12,6,1
2017-12-10,P02,568,2017,12,6,1
2017-12-10,P03,331,2017,12,6,1
2017-12-10,P04,206,2017,12,6,1
2017-12-10,P05,163,2017,12,6,1
2017-12-11,P01,208,2017,12,0,0
2017-12-11,P02,562,2017,12,0,0
2017-12-11,P03,343,2017,12,0,0
2017-12-11,P04,199,2017,12,0,0
2017-12-11,P05,174,2017,12,0,0
2017-12-12,P01,205,2017,12,1,0
2017-12-12,P02,573,2017,12,1,0
2017-12-12,P03,341,2017,12,1,0
2017-12-12,P04,206,2017,12,1,0
2017-12-12,P05,167,2017,12,1,0
2017-12-13,P01,199,2017,12,2,0
2017-12-13,P02,568,2017,12,2,0
2017-12-13,P03,343,2017,12,2,0
2017-12-13,P04,218,2017,12,2,0
2017-12-13,P05,170,2017,12,2,0
2017-12-14,P01,194,2017,12,3,0
2017-12-14,P02,563,2017,12,3,0
2017-12-14,P03,347,2017,12,3,0
2017-12-14,P04,206,2017,12,3,0
2017-12-14,P05,157,2017,12,3,0
2017-12-15,P01,203,2017,12,4,0
2017-12-15,P02,569,2017,12,4,0
2017-12-15,P03,347,2017,12,4,0
2017-12-15,P04,190,2017,12,4,0
2017-12-15,P05,163,2017,12,4,0
2017-12-16,P01,203,2017,12,5,1
2017-12-16,P02,553,2017,12,5,1
2017-12-16,P03,341,2017,12,5,1
2017-12-16,P04,193,2017,12,5,1
2017-12-16,P05,170,2017,12,5,1
2017-12-17,P01,214,2017,12,6,1
2017-12-17,P02,573,2017,12,6,1
2017-12-17,P03,359,2017,12,6,1
2017-12-17,P04,220,2017,12,6,1
2017-12-17,P05,151,2017,12,6,1
2017-12-18,P01,220,2017,12,0,0
2017-12-18,P02,566,2017,12,0,0
2017-12-18,P03,345,2017,12,0,0
2017-12-18,P04,206,2017,12,0,0
2017-12-18,P05,157,2017,12,0,0
2017-12-19,P01,202,2017,12,1,0
2017-12-19,P02,574,2017,12,1,0
2017-12-19,P03,358,2017,12,1,0
2017-12-19,P04,217,2017,12,1,0
2017-12-19,P05,159,2017,12,1,0
2017-12-20,P01,209,2017,12,2,0
2017-12-20,P02,568,2017,12,2,0
2017-12-20,P03,357,2017,12,2,0
2017-12-20,P04,196,2017,12,2,0
2017-12-20,P05,173,2017,12,2,0
2017-12-21,P01,215,2017,12,3,0
2017-12-21,P02,580,2017,12,3,0
2017-12-21,P03,342,2017,12,3,0
2017-12-21,P04,208,2017,12,3,0
2017-12-21,P05,175,2017,12,3,0
2017-12-22,P01,204,2017,12,4,0
2017-12-22,P02,569,2017,12,4,0
2017-12-22,P03,352,2017,12,4,0
2017-12-22,P04,206,2017,12,4,0
2017-12-22,P05,165,2017,12,4,0
2017-12-23,P01,213,2017,12,5,1
2017-12-23,P02,564,2017,12,5,1
2017-12-23,P03,340,2017,12,5,1
2017-12-23,P04,213,2017,12,5,1
2017-12-23,P05,164,2017,12,5,1
2017-12-24,P01,204,2017,12,6,1
2017-12-24,P02,561,2017,12,6,1
2017-12-24,P03,357,2017,12,6,1
2017-12-24,P04,204,2017,12,6,1
2017-12-24,P05,162,2017,12,6,1
2017-12-25,P01,200,2017,12,0,0
2017-12-25,P02,574,2017,12,0,0
2017-12-25,P03,350,2017,12,0,0
2017-12-25,P04,216,2017,12,0,0
2017-12-25,P05,177,2017,12,0,0
2017-12-26,P01,222,2017,12,1,0
2017-12-26,P02,579,2017,12,1,0
2017-12-26,P03,345,2017,12,1,0
2017-12-26,P04,216,2017,12,1,0
2017-12-26,P05,170,2017,12,1,0
2017-12-27,P01,214,2017,12,2,0
2017-12-27,P02,563,2017,12,2,0
2017-12-27,P03,348,2017,12,2,0
2017-12-27,P04,210,2017,12,2,0
2017-12-27,P05,173,2017,12,2,0
2017-12-28,P01,226,2017,12,3,0
2017-12-28,P02,569,2017,12,3,0
2017-12-28,P03,350,2017,12,3,0
2017-12-28,P04,213,2017,12,3,0
2017-12-28,P05,176,2017,12,3,0
2017-12-29,P01,219,2017,12,4,0
2017-12-29,P02,564,2017,12,4,0
2017-12-29,P03,365,2017,12,4,0
2017-12-29,P04,223,2017,12,4,0
2017-12-29,P05,186,2017,12,4,0
2017-12-30,P01,212,2017,12,5,1
2017-12-30,P02,584,2017,12,5,1
2017-12-30,P03,351,2017,12,5,1
2017-12-30,P04,216,2017,12,5,1
2017-12-30,P05,167,2017,12,5,1
2017-12-31,P01,214,2017,12,6,1
2017-12-31,P02,571,2017,12,6,1
2017-12-31,P03,358,2017,12,6,1
2017-12-31,P04,217,2017,12,6,1
2017-12-31,P05,169,2017,12,6,1
