forecast_date,product_id,forecast_demand,demand_p10,demand_p50,demand_p90,forecast_uncertainty_sigma,recommended_safety_stock,model_used,run_id
2018-01-01,P01,158,134,158,182,18.8,24,LightGBM,RUN-20261003-fd556c
2018-01-02,P01,170,145,170,194,18.8,24,LightGBM,RUN-20261003-fd556c
2018-01-03,P01,169,145,169,193,18.8,24,LightGBM,RUN-20261003-fd556c
2018-01-04,P01,178,154,178,202,18.8,24,LightGBM,RUN-20261003-fd556c
2018-01-05,P01,204,180,204,228,18.8,24,LightGBM,RUN-20261003-fd556c
2018-01-06,P01,225,201,225,249,18.8,24,LightGBM,RUN-20261003-fd556c
2018-01-07,P01,237,212,237,261,18.8,24,LightGBM,RUN-20261003-fd556c
2018-01-08,P01,147,122,147,171,18.8,24,LightGBM,RUN-20261003-fd556c
2018-01-09,P01,166,142,166,190,18.8,24,LightGBM,RUN-20261003-fd556c
2018-01-10,P01,166,141,166,190,18.8,24,LightGBM,RUN-20261003-fd556c
2018-01-11,P01,177,153,177,201,18.8,24,LightGBM,RUN-20261003-fd556c
2018-01-12,P01,191,167,191,215,18.8,24,LightGBM,RUN-20261003-fd556c
2018-01-13,P01,219,195,219,243,18.8,24,LightGBM,RUN-20261003-fd556c
2018-01-14,P01,230,206,230,254,18.8,24,LightGBM,RUN-20261003-fd556c
2018-01-15,P01,149,125,149,173,18.8,24,LightGBM,RUN-20261003-fd556c
2018-01-16,P01,168,144,168,192,18.8,24,LightGBM,RUN-20261003-fd556c
2018-01-17,P01,167,143,167,191,18.8,24,LightGBM,RUN-20261003-fd556c
2018-01-18,P01,177,153,177,201,18.8,24,LightGBM,RUN-20261003-fd556c
2018-01-19,P01,191,167,191,215,18.8,24,LightGBM,RUN-20261003-fd556c
2018-01-20,P01,214,190,214,238,18.8,24,LightGBM,RUN-20261003-fd556c
2018-01-21,P01,236,212,236,260,18.8,24,LightGBM,RUN-20261003-fd556c
2018-01-22,P01,145,120,145,169,18.8,24,LightGBM,RUN-20261003-fd556c
2018-01-23,P01,168,144,168,192,18.8,24,LightGBM,RUN-20261003-fd556c
2018-01-24,P01,167,143,167,191,18.8,24,LightGBM,RUN-20261003-fd556c
2018-01-25,P01,177,153,177,201,18.8,24,LightGBM,RUN-20261003-fd556c
2018-01-26,P01,189,165,189,213,18.8,24,LightGBM,RUN-20261003-fd556c
2018-01-27,P01,217,193,217,241,18.8,24,LightGBM,RUN-20261003-fd556c
2018-01-28,P01,232,208,232,256,18.8,24,LightGBM,RUN-20261003-fd556c
2018-01-01,P02,396,332,396,460,49.7,64,Holt-Winters,RUN-20261003-fd556c
2018-01-02,P02,463,399,463,527,49.7,64,Holt-Winters,RUN-20261003-fd556c
2018-01-03,P02,478,414,478,542,49.7,64,Holt-Winters,RUN-20261003-fd556c
2018-01-04,P02,508,445,508,572,49.7,64,Holt-Winters,RUN-20261003-fd556c
2018-01-05,P02,538,475,538,602,49.7,64,Holt-Winters,RUN-20261003-fd556c
2018-01-06,P02,570,506,570,634,49.7,64,Holt-Winters,RUN-20261003-fd556c
2018-01-07,P02,604,540,604,668,49.7,64,Holt-Winters,RUN-20261003-fd556c
2018-01-08,P02,397,333,397,460,49.7,64,Holt-Winters,RUN-20261003-fd556c
2018-01-09,P02,464,400,464,527,49.7,64,Holt-Winters,RUN-20261003-fd556c
2018-01-10,P02,479,415,479,542,49.7,64,Holt-Winters,RUN-20261003-fd556c
2018-01-11,P02,509,445,509,573,49.7,64,Holt-Winters,RUN-20261003-fd556c
2018-01-12,P02,539,475,539,603,49.7,64,Holt-Winters,RUN-20261003-fd556c
2018-01-13,P02,571,507,571,634,49.7,64,Holt-Winters,RUN-20261003-fd556c
2018-01-14,P02,605,541,605,668,49.7,64,Holt-Winters,RUN-20261003-fd556c
2018-01-15,P02,397,334,397,461,49.7,64,Holt-Winters,RUN-20261003-fd556c
2018-01-16,P02,464,401,464,528,49.7,64,Holt-Winters,RUN-20261003-fd556c
2018-01-17,P02,479,416,479,543,49.7,64,Holt-Winters,RUN-20261003-fd556c
2018-01-18,P02,510,446,510,573,49.7,64,Holt-Winters,RUN-20261003-fd556c
2018-01-19,P02,540,476,540,603,49.7,64,Holt-Winters,RUN-20261003-fd556c
2018-01-20,P02,571,508,571,635,49.7,64,Holt-Winters,RUN-20261003-fd556c
2018-01-21,P02,605,542,605,669,49.7,64,Holt-Winters,RUN-20261003-fd556c
2018-01-22,P02,398,334,398,462,49.7,64,Holt-Winters,RUN-20261003-fd556c
2018-01-23,P02,465,401,465,529,49.7,64,Holt-Winters,RUN-20261003-fd556c
2018-01-24,P02,480,416,480,544,49.7,64,Holt-Winters,RUN-20261003-fd556c
2018-01-25,P02,510,447,510,574,49.7,64,Holt-Winters,RUN-20261003-fd556c
2018-01-26,P02,540,477,540,604,49.7,64,Holt-Winters,RUN-20261003-fd556c
2018-01-27,P02,572,508,572,636,49.7,64,Holt-Winters,RUN-20261003-fd556c
2018-01-28,P02,606,542,606,670,49.7,64,Holt-Winters,RUN-20261003-fd556c
2018-01-01,P03,247,202,247,291,34.84,45,Holt-Winters,RUN-20261003-fd556c
2018-01-02,P03,287,242,287,331,34.84,45,Holt-Winters,RUN-20261003-fd556c
2018-01-03,P03,286,241,286,330,34.84,45,Holt-Winters,RUN-20261003-fd556c
2018-01-04,P03,313,268,313,357,34.84,45,Holt-Winters,RUN-20261003-fd556c
2018-01-05,P03,335,291,335,380,34.84,45,Holt-Winters,RUN-20261003-fd556c
2018-01-06,P03,357,313,357,402,34.84,45,Holt-Winters,RUN-20261003-fd556c
2018-01-07,P03,383,339,383,428,34.84,45,Holt-Winters,RUN-20261003-fd556c
2018-01-08,P03,247,202,247,292,34.84,45,Holt-Winters,RUN-20261003-fd556c
2018-01-09,P03,287,243,287,332,34.84,45,Holt-Winters,RUN-20261003-fd556c
2018-01-10,P03,286,242,286,331,34.84,45,Holt-Winters,RUN-20261003-fd556c
2018-01-11,P03,313,268,313,358,34.84,45,Holt-Winters,RUN-20261003-fd556c
2018-01-12,P03,336,291,336,381,34.84,45,Holt-Winters,RUN-20261003-fd556c
2018-01-13,P03,358,313,358,402,34.84,45,Holt-Winters,RUN-20261003-fd556c
2018-01-14,P03,384,339,384,429,34.84,45,Holt-Winters,RUN-20261003-fd556c
2018-01-15,P03,248,203,248,292,34.84,45,Holt-Winters,RUN-20261003-fd556c
2018-01-16,P03,288,243,288,332,34.84,45,Holt-Winters,RUN-20261003-fd556c
2018-01-17,P03,287,242,287,331,34.84,45,Holt-Winters,RUN-20261003-fd556c
2018-01-18,P03,314,269,314,358,34.84,45,Holt-Winters,RUN-20261003-fd556c
2018-01-19,P03,336,292,336,381,34.84,45,Holt-Winters,RUN-20261003-fd556c
2018-01-20,P03,358,314,358,403,34.84,45,Holt-Winters,RUN-20261003-fd556c
2018-01-21,P03,384,340,384,429,34.84,45,Holt-Winters,RUN-20261003-fd556c
2018-01-22,P03,248,203,248,293,34.84,45,Holt-Winters,RUN-20261003-fd556c
2018-01-23,P03,288,243,288,333,34.84,45,Holt-Winters,RUN-20261003-fd556c
2018-01-24,P03,287,242,287,332,34.84,45,Holt-Winters,RUN-20261003-fd556c
2018-01-25,P03,314,269,314,359,34.84,45,Holt-Winters,RUN-20261003-fd556c
2018-01-26,P03,337,292,337,381,34.84,45,Holt-Winters,RUN-20261003-fd556c
2018-01-27,P03,359,314,359,403,34.84,45,Holt-Winters,RUN-20261003-fd556c
2018-01-28,P03,385,340,385,429,34.84,45,Holt-Winters,RUN-20261003-fd556c
2018-01-01,P04,152,128,152,176,18.82,24,LightGBM,RUN-20261003-fd556c
2018-01-02,P04,168,144,168,193,18.82,24,LightGBM,RUN-20261003-fd556c
2018-01-03,P04,173,149,173,198,18.82,24,LightGBM,RUN-20261003-fd556c
2018-01-04,P04,196,172,196,220,18.82,24,LightGBM,RUN-20261003-fd556c
2018-01-05,P04,203,179,203,227,18.82,24,LightGBM,RUN-20261003-fd556c
2018-01-06,P04,210,186,210,234,18.82,24,LightGBM,RUN-20261003-fd556c
2018-01-07,P04,228,203,228,252,18.82,24,LightGBM,RUN-20261003-fd556c
2018-01-08,P04,138,114,138,162,18.82,24,LightGBM,RUN-20261003-fd556c
2018-01-09,P04,173,149,173,198,18.82,24,LightGBM,RUN-20261003-fd556c
2018-01-10,P04,177,152,177,201,18.82,24,LightGBM,RUN-20261003-fd556c
2018-01-11,P04,193,169,193,218,18.82,24,LightGBM,RUN-20261003-fd556c
2018-01-12,P04,199,174,199,223,18.82,24,LightGBM,RUN-20261003-fd556c
2018-01-13,P04,210,186,210,234,18.82,24,LightGBM,RUN-20261003-fd556c
2018-01-14,P04,222,198,222,246,18.82,24,LightGBM,RUN-20261003-fd556c
2018-01-15,P04,137,113,137,161,18.82,24,LightGBM,RUN-20261003-fd556c
2018-01-16,P04,170,146,170,195,18.82,24,LightGBM,RUN-20261003-fd556c
2018-01-17,P04,173,149,173,197,18.82,24,LightGBM,RUN-20261003-fd556c
2018-01-18,P04,188,164,188,212,18.82,24,LightGBM,RUN-20261003-fd556c
2018-01-19,P04,197,173,197,221,18.82,24,LightGBM,RUN-20261003-fd556c
2018-01-20,P04,210,186,210,234,18.82,24,LightGBM,RUN-20261003-fd556c
2018-01-21,P04,226,202,226,250,18.82,24,LightGBM,RUN-20261003-fd556c
2018-01-22,P04,139,115,139,163,18.82,24,LightGBM,RUN-20261003-fd556c
2018-01-23,P04,169,145,169,193,18.82,24,LightGBM,RUN-20261003-fd556c
2018-01-24,P04,173,149,173,197,18.82,24,LightGBM,RUN-20261003-fd556c
2018-01-25,P04,187,163,187,211,18.82,24,LightGBM,RUN-20261003-fd556c
2018-01-26,P04,199,175,199,223,18.82,24,LightGBM,RUN-20261003-fd556c
2018-01-27,P04,208,184,208,232,18.82,24,LightGBM,RUN-20261003-fd556c
2018-01-28,P04,232,208,232,256,18.82,24,LightGBM,RUN-20261003-fd556c
2018-01-01,P05,125,101,125,148,18.5,24,LightGBM,RUN-20261003-fd556c
2018-01-02,P05,154,130,154,178,18.5,24,LightGBM,RUN-20261003-fd556c
2018-01-03,P05,150,126,150,174,18.5,24,LightGBM,RUN-20261003-fd556c
2018-01-04,P05,169,145,169,192,18.5,24,LightGBM,RUN-20261003-fd556c
2018-01-05,P05,177,153,177,201,18.5,24,LightGBM,RUN-20261003-fd556c
2018-01-06,P05,190,167,190,214,18.5,24,LightGBM,RUN-20261003-fd556c
2018-01-07,P05,198,174,198,222,18.5,24,LightGBM,RUN-20261003-fd556c
2018-01-08,P05,127,103,127,150,18.5,24,LightGBM,RUN-20261003-fd556c
2018-01-09,P05,153,129,153,177,18.5,24,LightGBM,RUN-20261003-fd556c
2018-01-10,P05,149,126,149,173,18.5,24,LightGBM,RUN-20261003-fd556c
2018-01-11,P05,163,140,163,187,18.5,24,LightGBM,RUN-20261003-fd556c
2018-01-12,P05,177,153,177,201,18.5,24,LightGBM,RUN-20261003-fd556c
2018-01-13,P05,194,170,194,218,18.5,24,LightGBM,RUN-20261003-fd556c
2018-01-14,P05,197,173,197,221,18.5,24,LightGBM,RUN-20261003-fd556c
2018-01-15,P05,128,105,128,152,18.5,24,LightGBM,RUN-20261003-fd556c
2018-01-16,P05,154,130,154,178,18.5,24,LightGBM,RUN-20261003-fd556c
2018-01-17,P05,153,130,153,177,18.5,24,LightGBM,RUN-20261003-fd556c
2018-01-18,P05,165,142,165,189,18.5,24,LightGBM,RUN-20261003-fd556c
2018-01-19,P05,176,153,176,200,18.5,24,LightGBM,RUN-20261003-fd556c
2018-01-20,P05,188,164,188,211,18.5,24,LightGBM,RUN-20261003-fd556c
2018-01-21,P05,202,178,202,226,18.5,24,LightGBM,RUN-20261003-fd556c
2018-01-22,P05,130,106,130,154,18.5,24,LightGBM,RUN-20261003-fd556c
2018-01-23,P05,155,131,155,178,18.5,24,LightGBM,RUN-20261003-fd556c
2018-01-24,P05,153,129,153,177,18.5,24,LightGBM,RUN-20261003-fd556c
2018-01-25,P05,166,142,166,190,18.5,24,LightGBM,RUN-20261003-fd556c
2018-01-26,P05,176,152,176,200,18.5,24,LightGBM,RUN-20261003-fd556c
2018-01-27,P05,192,168,192,216,18.5,24,LightGBM,RUN-20261003-fd556c
2018-01-28,P05,203,180,203,227,18.5,24,LightGBM,RUN-20261003-fd556c
