task_id,lot_id,parent_lot_id,sub_lot_index,product_id,operation_seq,machine_id,batch_count,batch_size_units,production_units,duration_min,start_min,end_min,release_time_min,material_availability_datetime,setup_before_min,setup_end_min,setup_start_min,setup_overtime_minutes,schedule_week,production_overtime_minutes,overtime_min,overtime_minutes,total_overtime_minutes,regular_minutes,is_overtime,calendar_shift
25,LOT_P04_L1,LOT_P04,1,P04,1,M01,40,25,1000,560,480,1040,480,2018-01-01 16:00:00,25,480.0,455.0,25.0,1,0.0,0.0,0.0,25.0,560.0,1,REGULAR
27,LOT_P04_L2,LOT_P04,2,P04,1,M01,3,25,75,42,1040,1082,480,2018-01-01 16:00:00,0,1040.0,1040.0,0.0,1,0.0,0.0,0.0,0.0,42.0,0,REGULAR
10,LOT_P02_L1,LOT_P02,1,P02,1,M01,40,25,1000,960,1112,2072,480,2018-01-01 16:00:00,30,1112.0,1082.0,0.0,1,480.0,480.0,480.0,480.0,480.0,1,REGULAR
13,LOT_P02_L2,LOT_P02,2,P02,1,M01,40,25,1000,960,2072,3032,480,2018-01-01 16:00:00,0,2072.0,2072.0,0.0,1,152.0,152.0,152.0,152.0,808.0,1,REGULAR
16,LOT_P02_L3,LOT_P02,3,P02,1,M01,40,25,1000,960,3032,3992,480,2018-01-01 16:00:00,0,3032.0,3032.0,0.0,1,328.0,328.0,328.0,328.0,632.0,1,REGULAR
19,LOT_P02_L4,LOT_P02,4,P02,1,M01,6,25,150,144,3992,4136,480,2018-01-01 16:00:00,0,3992.0,3992.0,0.0,1,0.0,0.0,0.0,0.0,144.0,0,REGULAR
22,LOT_P05,LOT_P05,1,P05,1,M01,38,25,950,836,4156,4992,480,2018-01-01 16:00:00,20,4156.0,4136.0,0.0,1,480.0,480.0,480.0,480.0,356.0,1,OVERTIME
0,LOT_P01_L1,LOT_P01,1,P01,1,M01,40,25,1000,720,5022,5742,480,2018-01-01 16:00:00,30,5022.0,4992.0,0.0,1,0.0,0.0,0.0,0.0,720.0,0,REGULAR
6,LOT_P03_L1,LOT_P03,1,P03,1,M01,40,25,1000,1400,5782,7182,960,2018-01-02 00:00:00,40,5782.0,5742.0,22.0,1,458.0,458.0,458.0,480.0,942.0,1,REGULAR
8,LOT_P03_L2,LOT_P03,2,P03,1,M01,38,25,950,1330,7182,8512,960,2018-01-02 00:00:00,0,7182.0,7182.0,0.0,1,480.0,480.0,480.0,480.0,850.0,1,REGULAR
3,LOT_P01_L2,LOT_P01,2,P01,1,M01,8,25,200,144,10600,10744,480,2018-01-01 16:00:00,40,10600.0,10560.0,0.0,2,0.0,0.0,0.0,0.0,144.0,0,REGULAR
11,LOT_P02_L1,LOT_P02,1,P02,2,M02,40,25,1000,640,2072,2712,480,2018-01-01 16:00:00,0,2072.0,2072.0,0.0,1,0.0,0.0,0.0,0.0,640.0,0,REGULAR
14,LOT_P02_L2,LOT_P02,2,P02,2,M02,40,25,1000,640,3360,4000,480,2018-01-01 16:00:00,0,3360.0,3360.0,0.0,1,0.0,0.0,0.0,0.0,640.0,0,REGULAR
17,LOT_P02_L3,LOT_P02,3,P02,2,M02,40,25,1000,640,4800,5440,480,2018-01-01 16:00:00,0,4800.0,4800.0,0.0,1,0.0,0.0,0.0,0.0,640.0,0,REGULAR
20,LOT_P02_L4,LOT_P02,4,P02,2,M02,6,25,150,96,5440,5536,480,2018-01-01 16:00:00,0,5440.0,5440.0,0.0,1,0.0,0.0,0.0,0.0,96.0,0,REGULAR
23,LOT_P05,LOT_P05,1,P05,2,M02,38,25,950,532,6260,6792,480,2018-01-01 16:00:00,20,6260.0,6240.0,0.0,1,0.0,0.0,0.0,0.0,532.0,0,REGULAR
1,LOT_P01_L1,LOT_P01,1,P01,2,M02,40,25,1000,480,7710,8190,480,2018-01-01 16:00:00,30,7710.0,7680.0,0.0,1,0.0,0.0,0.0,0.0,480.0,0,REGULAR
7,LOT_P03_L1,LOT_P03,1,P03,2,M02,40,25,1000,400,8230,8630,960,2018-01-02 00:00:00,40,8230.0,8190.0,0.0,1,0.0,0.0,0.0,0.0,400.0,0,REGULAR
9,LOT_P03_L2,LOT_P03,2,P03,2,M02,38,25,950,380,10560,10940,960,2018-01-02 00:00:00,0,10560.0,10560.0,0.0,2,0.0,0.0,0.0,0.0,380.0,0,REGULAR
4,LOT_P01_L2,LOT_P01,2,P01,2,M02,8,25,200,96,10980,11076,480,2018-01-01 16:00:00,40,10980.0,10940.0,0.0,2,0.0,0.0,0.0,0.0,96.0,0,REGULAR
26,LOT_P04_L1,LOT_P04,1,P04,2,M03,40,25,1000,480,1920,2400,480,2018-01-01 16:00:00,0,1920.0,1920.0,0.0,1,0.0,0.0,0.0,0.0,480.0,0,REGULAR
12,LOT_P02_L1,LOT_P02,1,P02,3,M03,40,25,1000,800,3390,4190,480,2018-01-01 16:00:00,30,3390.0,3360.0,0.0,1,0.0,0.0,0.0,0.0,800.0,0,REGULAR
15,LOT_P02_L2,LOT_P02,2,P02,3,M03,40,25,1000,800,4800,5600,480,2018-01-01 16:00:00,0,4800.0,4800.0,0.0,1,0.0,0.0,0.0,0.0,800.0,0,REGULAR
18,LOT_P02_L3,LOT_P02,3,P02,3,M03,40,25,1000,800,6240,7040,480,2018-01-01 16:00:00,0,6240.0,6240.0,0.0,1,0.0,0.0,0.0,0.0,800.0,0,REGULAR
21,LOT_P02_L4,LOT_P02,4,P02,3,M03,6,25,150,120,7040,7160,480,2018-01-01 16:00:00,0,7040.0,7040.0,0.0,1,0.0,0.0,0.0,0.0,120.0,0,REGULAR
24,LOT_P05,LOT_P05,1,P05,3,M03,38,25,950,684,7700,8384,480,2018-01-01 16:00:00,20,7700.0,7680.0,0.0,1,0.0,0.0,0.0,0.0,684.0,0,REGULAR
28,LOT_P04_L2,LOT_P04,2,P04,2,M03,3,25,75,36,8409,8445,480,2018-01-01 16:00:00,25,8409.0,8384.0,0.0,1,0.0,0.0,0.0,0.0,36.0,0,REGULAR
2,LOT_P01_L1,LOT_P01,1,P01,3,M03,40,25,1000,600,10580,11180,480,2018-01-01 16:00:00,20,10580.0,10560.0,0.0,2,0.0,0.0,0.0,0.0,600.0,0,REGULAR
5,LOT_P01_L2,LOT_P01,2,P01,3,M03,8,25,200,120,11180,11300,480,2018-01-01 16:00:00,0,11180.0,11180.0,0.0,2,0.0,0.0,0.0,0.0,120.0,0,REGULAR
