task_id,lot_id,machine_id,schedule_week,regular_minutes,overtime_minutes,production_ot_minutes,setup_ot_minutes,total_work_minutes
25,LOT_P04_L1,M01,1,560.0,24.0,0.0,24.0,584.0
27,LOT_P04_L2,M01,1,14.0,0.0,0.0,0.0,14.0
10,LOT_P02_L1,M01,1,480.0,480.0,480.0,0.0,960.0
13,LOT_P02_L2,M01,1,833.0,127.0,127.0,0.0,960.0
16,LOT_P02_L3,M01,1,607.0,353.0,353.0,0.0,960.0
19,LOT_P02_L4,M01,1,240.0,0.0,0.0,0.0,240.0
22,LOT_P05,M01,1,290.0,480.0,480.0,0.0,770.0
0,LOT_P01_L1,M01,1,720.0,0.0,0.0,0.0,720.0
6,LOT_P03_L1,M01,1,960.0,480.0,440.0,40.0,1440.0
8,LOT_P03_L2,M01,1,897.0,433.0,433.0,0.0,1330.0
3,LOT_P01_L2,M01,2,144.0,0.0,0.0,0.0,144.0
11,LOT_P02_L1,M02,1,640.0,0.0,0.0,0.0,640.0
14,LOT_P02_L2,M02,1,640.0,0.0,0.0,0.0,640.0
17,LOT_P02_L3,M02,1,640.0,0.0,0.0,0.0,640.0
20,LOT_P02_L4,M02,1,160.0,0.0,0.0,0.0,160.0
23,LOT_P05,M02,1,490.0,0.0,0.0,0.0,490.0
1,LOT_P01_L1,M02,1,480.0,0.0,0.0,0.0,480.0
7,LOT_P03_L1,M02,1,400.0,0.0,0.0,0.0,400.0
9,LOT_P03_L2,M02,2,380.0,0.0,0.0,0.0,380.0
4,LOT_P01_L2,M02,2,96.0,0.0,0.0,0.0,96.0
26,LOT_P04_L1,M03,1,480.0,0.0,0.0,0.0,480.0
12,LOT_P02_L1,M03,1,800.0,0.0,0.0,0.0,800.0
15,LOT_P02_L2,M03,1,800.0,0.0,0.0,0.0,800.0
18,LOT_P02_L3,M03,1,800.0,0.0,0.0,0.0,800.0
21,LOT_P02_L4,M03,1,200.0,0.0,0.0,0.0,200.0
24,LOT_P05,M03,1,630.0,0.0,0.0,0.0,630.0
28,LOT_P04_L2,M03,1,12.0,0.0,0.0,0.0,12.0
2,LOT_P01_L1,M03,2,600.0,0.0,0.0,0.0,600.0
5,LOT_P01_L2,M03,2,120.0,0.0,0.0,0.0,120.0
